,ID,Date,Likes,Content
190,1514506095347208196,2022-04-14 07:29:25+00:00,113826,"To the world we present the much awaited magnum opus #KGFChapter2

#KGF2InCinemas near you.

@Thenameisyash @prashanth_neel @VKiragandur @hombalefilms @duttsanjay @TandonRaveena
@SrinidhiShetty7 @excelmovies @AAFilmsIndia @VaaraahiCC @DreamWarriorpic @PrithvirajProd https://t.co/uQptYdnPSZ"
91,1516338149256953858,2022-04-19 08:49:21+00:00,88185,"Me right now for all the love I am receiving ğŸ¤—â™¥ï¸â™¥ï¸

My heart is fullâ™¥ï¸ #grateful ğŸ’«ğŸ’¥

#KGFChapter2 #KGF â™¥ï¸ https://t.co/ORjBcQ72j8"
32,1532343141537222656,2022-06-02 12:47:29+00:00,79370,"50days of pure celebration ğŸ™ğŸ»â™¥ï¸
Truly grateful for all the love âœ¨ï¸â™¥ï¸ğŸ™ğŸ»

#KGF2blockbuster50days #KGFChapter2 https://t.co/b1XLa1iYxp"
54,1521112798289285120,2022-05-02 13:02:06+00:00,59935,"This one's for #AshwinMawle #HassanKhan &amp; entire teamğŸ’¥
From all those initial meetings to creating these wonderful outfits to numerous fittings,u guys have made #Reena so memorable for meâ™¥ï¸
Thankyou for showing #Reena in the brightest of colorsğŸ’«
#KGFChapter2 #Reena #Stylefiles https://t.co/76og6wVKjs"
200,1514449748551299076,2022-04-14 03:45:31+00:00,57879,"#OneWordReview...
#KGF2: BLOCKBUSTER.
Rating: â­ï¸â­â­ï¸â­ï¸Â½
#KGFChapter2 is a WINNER, more than lives up to the humongous hypeâ€¦ #PrashanthNeel immerses us into the world of #KGF2, delivers a KING-SIZED ENTERTAINERâ€¦ MUST, MUST, MUST WATCH. #KGF2Review https://t.co/Bsg2NKEmrh"
264,1508069084411293700,2022-03-27 13:11:02+00:00,53347,"The next big storm is here !! 
All the best @TheNameIsYash and @prashanth_neel 
Looking forward to the next chapter of #KGFchapter2 
Hereâ€™s the trailer: 

https://t.co/hI9IbywcJH

@hombalefilms @HombaleGroup 
@VKiragandur @duttsanjay @TandonRaveena @SrinidhiShetty7 @excelmovies https://t.co/3rIZlE8iIB"
262,1508069394160631808,2022-03-27 13:12:16+00:00,52858,"The world is my territory!

Hindi: https://t.co/aO15hx9xRi

#KGFChapter2  @prashanth_neel 
@VKiragandur https://t.co/1oLtyiPvsA"
85,1516847962327961600,2022-04-20 18:35:10+00:00,52446,"Now you know why were the visuals soooo goodğŸ’ğŸ»â€â™€ï¸ğŸ˜¬

You are welcome bhuğŸ’ğŸ»â€â™€ï¸ğŸ™ŒğŸ¤£

@bhuvangowda84 ğŸ™ˆ
#KGFChapter2 https://t.co/52R8Tp5TJW"
346,1316959656435220480,2020-10-16 04:30:24+00:00,48792,Gearing up for #Adheera!âš”ï¸ #KGFChapter2 https://t.co/Yd2FHSUUYn
72,1517812166606213120,2022-04-23 10:26:34+00:00,44042,"My fav trio â™¥ï¸ğŸ§¸ğŸ’¥

@bhuvangowda84 @prashanth_neel @kirtannadagouda #KGFChapter2 https://t.co/DS60PIieWH"
350,1288330843073605634,2020-07-29 04:29:43+00:00,43056,"â€˜ADHEERAâ€™ - Inspired by the brutal ways of the vikingsâš”ğŸ”¥
Happy Birthday @duttsanjay baba, thank you for being a part of #KGFCHAPTER2. Looking forward to our craziest schedule soon.Â 
#AdheeraFirstLook
@VKiragandur @TheNameIsYash @SrinidhiShetty7 @bhuvangowda84 @BasrurRavi https://t.co/99eZIivhii"
289,1494272919681351683,2022-02-17 11:30:00+00:00,41578,"On popular demand. ğŸ˜‰

Chapter 2ï¸âƒ£0ï¸âƒ£2ï¸âƒ£2ï¸âƒ£ coming soon! ğŸ”¥

#PlayBold #WeAreChallengers #ClassOf2022 #IPL2022 #KGFChapter2 https://t.co/8wFn1PVheM"
122,1515362329331834887,2022-04-16 16:11:48+00:00,40701,"Congrats to my dearest friend @TheNameIsYash, the entire team, the cast &amp; the crew especially the director @prashanth_neel fr his magnum opus blockbuster #KGFChapter2. 
Iâ€™m so proud that my friend #Yash has taken the #KannadaCinema to worldwide reach.
Keep rocking #RockyBhai. GB. https://t.co/ujCFemnq9k"
119,1515421873999253506,2022-04-16 20:08:24+00:00,39536,"KGF Chapter 2 Music Director #RaviBasrur...ğŸ”¥

#KGFChapter2 https://t.co/ZSJIGNjzoE"
98,1516041111030034434,2022-04-18 13:09:02+00:00,38133,"â™¥ï¸â™¥ï¸â™¥ï¸â™¥ï¸â™¥ï¸â™¥ï¸

Thankyou for all the love #KGFChapter2 #gratitude ğŸ’¥

#KGFChapter2 @Thenameisyash @prashanth_neel @VKiragandur @hombalefilms @duttsanjay @TandonRaveena @SrinidhiShetty7 @excelmovies @AAFilmsIndia @VaaraahiCC @DreamWarriorpic @PrithvirajProd 
#KGF2BoxOfficeMonster https://t.co/NQzZKdIgRL"
380,1155709258400317440,2019-07-29 05:18:53+00:00,38059,"Thank you ğŸ™ Truly happy and excited to be a part of #KGF as #Adheera

@TheNameIsYash #KGFChapter2 https://t.co/65WazgXaS7"
292,1479656605947998208,2022-01-08 03:30:00+00:00,37972,"Caution âš ï¸ Danger ahead !
Happy Birthday my ROCKY @Thenameisyash. 

Can't wait for this monster to conquer the world on April 14th, 2022.

#KGFChapter2 

#KGF2onApr14 #HBDRockingStarYash https://t.co/uIwBZW8j3F"
97,1516045278037520395,2022-04-18 13:25:35+00:00,37864,"#KGFChapter2 #Beast 

Likeâ¤ï¸ (Reena)                RTğŸ”„ (Preeti) https://t.co/mYNEA5G1t6"
48,1522192242949050368,2022-05-05 12:31:26+00:00,37019,"Current mood be like after watching #KGFChapter2 break records ğŸ’¥ğŸ’¥

Thank you all â™¥ï¸ğŸ™ğŸ»

PS: felt apt, might delete later ğŸ˜¬ğŸ’ https://t.co/pKONmRleLI"
150,1514876189541912576,2022-04-15 08:00:03+00:00,36199,"This is the biggest national issue now! âš ï¸

Thank you, everyone â¤ï¸

#KGFChapter2 

@Thenameisyash @prashanth_neel @VKiragandur @hombalefilms @duttsanjay @TandonRaveena @SrinidhiShetty7 @excelmovies @AAFilmsIndia @VaaraahiCC @DreamWarriorpic @PrithvirajProd 

#KGF2BoxOfficeMonster https://t.co/5NWmHKZqBw"
12,1571356042893860867,2022-09-18 04:30:49+00:00,35291,"With an unbreakable promise to his mother, Rocky is back to win the throne of El Dorado aka #KGF!

Watch the #WorldTVRelease of #KGFChapter2 on 18th September, Sun 8 PM, only on @SonyMAX 

#KGF2OnSonyMAX https://t.co/2S3F5Pq41X"
157,1514864059199332357,2022-04-15 07:11:51+00:00,34703,"â€˜KGF2â€™ CREATES HISTORY, BIGGEST DAY 1 TOTALâ€¦ #KGF2 has demolished *opening day* records of #War and #ThugsOfHindostanâ€¦ #KGFChapter2 is now BIGGEST OPENER in #India [#Hindi version]â€¦ *Day 1* bizâ€¦
â­ï¸ #KGF2: â‚¹ 53.95 cr
â­ï¸ #War: â‚¹ 51.60 cr
â­ï¸ #TOH: â‚¹ 50.75 cr
Nett. #India biz. https://t.co/XES04m8HTe"
214,1514309948947185675,2022-04-13 18:30:01+00:00,34580,"ROCKY BHAI HAS BEEN UNLEASHED ğŸ”¥

Watch #KGF2InCinemas near you.

#KGFChapter2 @Thenameisyash @prashanth_neel @VKiragandur @hombalefilms @duttsanjay @TandonRaveena @SrinidhiShetty7 @hombalegroup @ChaluveG @AAFilmsIndia @VaaraahiCC @DreamWarriorpic @PrithvirajProd #KGF2 https://t.co/eYHBuvpNfe"
225,1514116161654337537,2022-04-13 05:39:58+00:00,33722,"The ones who change their destiny, change the world!
#Sulthan out now!
Hindi: https://t.co/Q9iagR3MhQ

#KGFChapter2 @prashanth_neel
@VKiragandur @hombalefilms @duttsanjay @TandonRaveena @SrinidhiShetty7 @RaviBasrur @excelmovies @AAFilmsIndia @FarOutAkhtar @ritesh_sid @Mrtmusicoff https://t.co/c4O9avjm1a"
279,1505780709033590784,2022-03-21 05:37:51+00:00,33348,"Here comes #Toofan ğŸŒªï¸

Hindi - https://t.co/OAPilA9TyM

#KGFChapter2 @prashanth_neel
@VKiragandur @hombalefilms @duttsanjay @TandonRaveena @SrinidhiShetty7 @FarOutAkhtar @ritesh_sid @VaaraahiCC @excelmovies @AAFilmsIndia @DreamWarriorpic @PrithvirajProd @Mrtmusicoff https://t.co/Fm24wpGKxj"
100,1516040096813764614,2022-04-18 13:05:00+00:00,32768,"ğ“ğ¡ğ ğ–ğ¨ğ«ğ¥ğ ğ¢ğ¬ ğ‘ğğ‚ğŠğ˜ ğğ‡ğ€ğˆ'ğ¬ ğ“ğğ«ğ«ğ¢ğ­ğ¨ğ«ğ²!

#KGFChapter2 
@Thenameisyash @prashanth_neel @VKiragandur @hombalefilms @duttsanjay @TandonRaveena @SrinidhiShetty7 @excelmovies @AAFilmsIndia @VaaraahiCC @DreamWarriorpic @PrithvirajProd 
#KGF2BoxOfficeMonster https://t.co/SSl8A2yvkH"
88,1516741768963715076,2022-04-20 11:33:12+00:00,32314,"Overwhelmed and grateful for the love â¤ï¸ 
#Adheera #KGFChapter2  @RCBTweets https://t.co/2gK4WDVr7h"
263,1508069190044844039,2022-03-27 13:11:28+00:00,31013,"The world is my territory!

Kannada: https://t.co/GmWRXvSJqC
Telugu: https://t.co/1aZmLGmTWx
Tamil: https://t.co/rJqUexWkIu
Malayalam: https://t.co/6Hza1xl4xi

#KGFChapter2  @prashanth_neel 
@VKiragandur https://t.co/dccCE5PZS2"
44,1523913348122767360,2022-05-10 06:30:29+00:00,30674,"#Mehabooba full video song tomorrow at 11 AM â™¥ï¸

#KGFChapter2 @Thenameisyash @prashanth_neel @VKiragandur @hombalefilms @duttsanjay @TandonRaveena @SrinidhiShetty7 @RaviBasrur @bhuvangowda84 @LahariMusic @Mrtmusicoff https://t.co/uPbVR1rsB0"
81,1516998305795903488,2022-04-21 04:32:35+00:00,30485,"Saw #KGF2 #KGFChapter2 What a masterpiece movie ğŸ‘ğŸ‘ŒğŸ’ªğŸ˜
@prashanth_neel You are next level director ğŸ™
Mind blowing Direction extraordinary script, Dialogues, music, Art, uncompromised Production @hombalefilms and the crown jewel isâ€¦. @TheNameIsYash ğŸ¥³ğŸ˜ğŸ‘Œ"
187,1514516486148472833,2022-04-14 08:10:43+00:00,30183,"All the very best to the entire team of #KGFChapter2 
@prashanth_neel Sir big fan of your work âœ¨
Congratulations @anbariv Masters ğŸ”¥and @hombalefilms Congratulations for another epic milestone ğŸ”¥"
271,1507959350026899457,2022-03-27 05:55:00+00:00,29731,"We are Elated to have the Mega Powerstar @AlwaysRamCharan to launch our #KGFChapter2 Telugu trailer on his birthday. ğŸ¤©

#HBDRamCharan #KGFChapter2TrailerDay

#KGFChapter2Trailer at 6:40 PM today on  https://t.co/QxtFZcv8dy (South) &amp; https://t.co/4hTQltJuOv (Hindi) YT Channels. https://t.co/QiXozlMvxC"
67,1518193647375638528,2022-04-24 11:42:26+00:00,28774,"Itâ€™s just the beginning ğŸ‰
#KGFChapter2

@TheNameIsYash @prashanth_neel @VKiragandur https://t.co/6LjSWFUq5u"
349,1288331272100536320,2020-07-29 04:31:25+00:00,28389,"THE WAIT IS OVER... Presenting #SanjayDutt's character from #KGFChapter2: #Adheera... Stars #Yash, #SanjayDutt, #SrinidhiShetty and #RaveenaTandon... Directed by Prashanth Neel. https://t.co/osFl0fWN4y"
216,1514246563199336451,2022-04-13 14:18:08+00:00,28001,"You have raged the Indian cinema and made yourself heard over the length &amp; breadth of the country with #KGF

Wish you turn the world, Territory of Indian cinema once again with #KGFChapter2

@Thenameisyash @prashanth_neel 
@duttsanjay @TandonRaveena @SrinidhiShetty7 @hombalefilms https://t.co/SVQNkgBuME"
342,1335827495463968768,2020-12-07 06:04:28+00:00,27904,"Climax it is !!!!
Rocky âš” Adheera
With the deadly fight masters anbariv.....
#KGFCHAPTER2 https://t.co/QiltJiGQgl"
382,1155703232150364161,2019-07-29 04:54:57+00:00,27824,BIG ANNOUNCEMENT... Sanjay Dutt as #Adheera in #KGFChapter2... #SanjayDuttAsAdheera https://t.co/VJ1lKifmla
331,1347214608000421888,2021-01-07 16:12:47+00:00,26937,#KGF2 TEASER: S-T-U-N-N-I-N-G... The expectations from #KGFChapter2 are humongous and the teaser more than lives up to the hype... #KGF2Teaser has an international feel to it. ğŸ‘ğŸ‘ğŸ‘ğŸ‘ğŸ‘ https://t.co/U9ZNA14DH7
137,1514998031338582017,2022-04-15 16:04:12+00:00,26696,Fell in Love with the numbers of #KGFChapter2 and my respect for @prashanth_neel has multiplied beyond words.. I am sharing the sucess with @TheNameIsYash and the total crew. Indian cinema flag is fluttering high with pride especially with the recent thumping successes.
135,1515010686132359178,2022-04-15 16:54:29+00:00,25600,"What is your pick...?

#Beast #KGFChapter2 https://t.co/7W2ak4oSGq"
57,1520670236101337088,2022-05-01 07:43:31+00:00,25265,I know Iâ€™m a little late Rocky bhai @TheNameIsYash butâ€¦ may I come in? ğŸ˜ #KGFChapter2 https://t.co/nARngnjF3j
49,1521869967838171137,2022-05-04 15:10:49+00:00,25162,#KGFChapter2 BEATS #RRRMovie to become the 2nd HIGHEST grossing movie after #Baahubali2 at the Indian Box Office.
127,1515234237527461888,2022-04-16 07:42:48+00:00,24868,#KGFChapter2 has crossed â‚¹ 300 crs Gross at the WW Box office.. In jus 2 days..
325,1355139129101570049,2021-01-29 13:02:00+00:00,24672,"#KGFChapter2 Worldwide Theatrical Release On July 16th, 2021.
#KGFChapter2onJuly16

@TheNameIsYash @prashanth_neel @VKiragandur @hombalefilms @duttsanjay @TandonRaveena @SrinidhiShetty7 @prakashraaj @BasrurRavi @bhuvangowda84 @excelmovies @AAFilmsIndia @VaaraahiCC @PrithvirajProd https://t.co/fFIEojSpmQ"
320,1370664678288805890,2021-03-13 09:14:59+00:00,24496,"A journey with a great start and no endğŸ’«
#KGFChapter1 #kgfchapter2 #kgffamily https://t.co/6J7XSoRR3B"
285,1499263301523423232,2022-03-03 06:00:00+00:00,24492,"There is always a thunder before the storm!
#KGFChapter2 Trailer on March 27th at 6:40 pm.

Stay Tuned: https://t.co/grk8SQMTJe

@Thenameisyash @VKiragandur @hombalefilms @HombaleGroup @duttsanjay @TandonRaveena @SrinidhiShetty7 @bhuvangowda84 @RaviBasrur 
 
#KGF2TrailerOnMar27 https://t.co/CYcWx9vK1j"
261,1508070668838924289,2022-03-27 13:17:20+00:00,24363,"#KGF2Trailer = EPIC. ğŸ”¥ğŸ”¥ğŸ”¥
#KGF2 #KGFChapter2
Get ready for BOX-OFFICE TSUNAMI...
TRAILER Duration: 2 minutes, 59 seconds. https://t.co/NpeUnUsgh5"
369,1214614822832103424,2020-01-07 18:28:34+00:00,24358,"Wishing our Rocky @thenameisyash a very Happy Birthday ğŸ¾
#RockyBecomesABrand

All of you have a great and safe birthday celebrations with our Rocking Star Yashâ­

#KGFChapter2 #HappyBirthdayYash https://t.co/C8ufkcJfKu"
130,1515178137843531779,2022-04-16 03:59:53+00:00,24211,#Superstar @rajinikanth watched #KGFChapter2 and called the Producer @VKiragandur and appreciated the team..
247,1508786970239004679,2022-03-29 12:43:40+00:00,24061,#KGFChapter2 ğŸ’«â™¥ï¸ https://t.co/S9eijDqpw1
318,1374361293658890244,2021-03-23 14:04:01+00:00,23796,"Dubbing with rocky is always rocking âœ¨
@TheNameIsYash #KGFChapter2 https://t.co/LYsCgjUMEP"
17,1548875682322718720,2022-07-18 03:41:54+00:00,23660,"Bring Back Those looks @TheNameIsYash Boss ğŸ™‚

"" 14 YEARS OF YASHISM ""

#YashBOSS #Yash19 #KGFChapter2 https://t.co/0SPs3RS1Vm"
217,1514243260515905542,2022-04-13 14:05:01+00:00,23462,"#Xclusiv... 'KGF 2' TO RELEASE AT 10,000+ SCREENS WORLDWIDE... Detailed screen count of #KGF2...
â­ #NorthIndia: 4400+
â­ #SouthIndia: 2600+

â­ #Overseas [#Hindi]: 1100
â­ #Overseas [#SouthIndia]: 2900
#KGFChapter2 https://t.co/f16itf1SVt"
219,1514228428614033413,2022-04-13 13:06:05+00:00,23320,"The Fight against piracy starts with you! Please don't take videos &amp; photos and avoid posting them online!

âš ï¸ Say NO to PIRACY.

#KGFChapter2 #KGF2 @Thenameisyash @prashanth_neel @VKiragandur @hombalefilms @HombaleGroup @duttsanjay @TandonRaveena @SrinidhiShetty7 https://t.co/LyzDlJkzkR"
308,1420605217708527617,2021-07-29 04:40:52+00:00,23073,"Thank you so much everyone for all the warm birthday wishes. Working on #KGFChapter2 has been amazing. I know you all have been waiting for the film's release for a long time and I assure you that it'll be worth the wait!

@TheNameIsYash @prashanth_neel @VKiragandur @hombalefilms https://t.co/zXSqJGeb6i"
354,1287606283223183360,2020-07-27 04:30:35+00:00,23006,"The only way is the BRUTAL way!!
#KGFChapter2
@TheNameIsYash @VKiragandur
@duttsanjay @SrinidhiShetty7 @TandonRaveena @bhuvangowda84 @BasrurRavi @excelmovies @AAFilmsIndia @FarOutAkhtar @ritesh_sid @VaaraahiCC @hombalefilms https://t.co/pMuXZOWlQx"
210,1514373350562611202,2022-04-13 22:41:57+00:00,22826,"#KGFChapter1ğŸ”¥ğŸ”¥ğŸ”¥

#KGFChapter2 ğŸ”¥ğŸ”¥ğŸ”¥ğŸ”¥ğŸ”¥ğŸ”¥ğŸ”¥ğŸ”¥ğŸ”¥ğŸ”¥ğŸ”¥ğŸ”¥ğŸ”¥ğŸ”¥ğŸ”¥ğŸ”¥ğŸ”¥ğŸ”¥ğŸ”¥ğŸ”¥ğŸ”¥ğŸ”¥ğŸ”¥ğŸ”¥ğŸ”¥ğŸ”¥ğŸ”¥ğŸ”¥ğŸ”¥ğŸ”¥ğŸ”¥ğŸ”¥ğŸ”¥ğŸ”¥ğŸ”¥ğŸ”¥ğŸ”¥ğŸ”¥ğŸ”¥ğŸ”¥ğŸ”¥ğŸ”¥ğŸ”¥ğŸ”¥

Thatâ€™s the tweet"
341,1335974901623128065,2020-12-07 15:50:12+00:00,22675,"The villain stays on !!!!! @TheNameIsYash
For all the fans of #KGFCHAPTER2 https://t.co/4j5BQEkQo2"
62,1519692792938655746,2022-04-28 14:59:31+00:00,22629,Ajay Devgn caught in Hindi-national language debate. #AjayDevgn #KichchaSudeep #HindiLanguage #KGFChapter2 https://t.co/mZ9XlNkO3t
159,1514833291249020935,2022-04-15 05:09:35+00:00,22371,"Never seen before craze for a film in the recent times!! The box office is on fire ğŸ”¥ğŸ”¥ğŸ”¥ğŸ”¥ğŸ”¥ğŸ”¥ğŸ”¥ğŸ”¥ğŸ”¥ğŸ”¥ğŸ”¥

#KGFChapter2 #KGF2 

World is #RockyBhai Territory!!! https://t.co/NtFBLiv1rt"
42,1524262226936303616,2022-05-11 05:36:48+00:00,22201,"#Mehabooba Main Teri Mehabooba â™¥ï¸

â–¶ï¸ https://t.co/oSCSG13wre

#KGFChapter2 @Thenameisyash @prashanth_neel
@VKiragandur @hombalefilms @duttsanjay @TandonRaveena @SrinidhiShetty7 @RaviBasrur
@bhuvangowda84 @LahariMusic @Mrtmusicoff https://t.co/jhSEbHAJhC"
103,1515942713098600448,2022-04-18 06:38:02+00:00,21969,"R#KGF2 CREATES HISTORY AGAIN... FASTEST TO ENTER â‚¹ 200 CR CLUB...
â­ #KGFChapter2: Will cross â‚¹ 200 cr today [Mon, Day 5]
â­ #Baahubali2: Day 6
#KGF2 is REWRITING RECORD BOOKS... Thu 53.95 cr, Fri 46.79 cr, Sat 42.90 cr, Sun 50.35 cr. Total: â‚¹ 193.99 cr. #India biz. #Hindi. https://t.co/ysKnW2zIuV"
13,1564672484741263360,2022-08-30 17:52:45+00:00,21880,"Dodamma Ganesha.  @TheNameIsYash
  #KGFChapter2  #Yash54  #Yash19  #KGF3 https://t.co/v3sSoNgyVU"
298,1468095889478590464,2021-12-07 05:51:50+00:00,21868,"#Adheera is back âš”
Thank you @duttsanjay sir.
See you all on April 14th 2022 on the big screensğŸ’¥ #KGFChapter2 https://t.co/0labcZ5kL3"
309,1420602502903341056,2021-07-29 04:30:04+00:00,21813,"""War is meant for progress, even the vultures will agree with me"" - #Adheera, Happy Birthday @duttsanjay sir.

#KGFChapter2 @TheNameIsYash @VKiragandur @hombalefilms @TandonRaveena @SrinidhiShetty7 @excelmovies @VaaraahiCC @PrithvirajProd @DreamWarriorpic @LahariMusic https://t.co/VqsuMXe6rT"
328,1355010279931711488,2021-01-29 04:30:00+00:00,21540,"That promise will be fulfilled.
#KGFChapter2 release date announcement today at 6:32pm.

@TheNameIsYash @prashanth_neel @VKiragandur
@hombalefilms @duttsanjay @TandonRaveena
@SrinidhiShetty7 @prakashraaj @BasrurRavi @bhuvangowda84 @excelmovies @VaaraahiCC @PrithvirajProd https://t.co/TCKD5UXq54"
160,1514832096787050499,2022-04-15 05:04:50+00:00,21306,"#Kerala Box Office - Day 1: 

1. #KGFChapter2 - â‚¹ 7.1 Crs 

2. #Beast - â‚¹ 6.6 Crs"
241,1511625386127331328,2022-04-06 08:42:31+00:00,21122,"Experience #KGFChapter2 in @IMAX from April 14th worldwide.

#KGF2onApr14

@prashanth_neel @VKiragandur @hombalefilms @duttsanjay @TandonRaveena @SrinidhiShetty7 @bhuvangowda84 @RaviBasrur @VaaraahiCC @excelmovies @AAFilmsIndia @PrithvirajProd @DreamWarriorpic https://t.co/Y6ncMUaW9o"
280,1505780274981863430,2022-03-21 05:36:08+00:00,21025,"Here comes #Toofan ğŸŒªï¸

Kannada: https://t.co/hwLeUampWF
Telugu: https://t.co/BIjG1e5Xs2
Tamil: https://t.co/jpoe5oyH0B
Malayalam: https://t.co/yDxjcFZD8B

#KGFChapter2 @Thenameisyash @prashanth_neel
@VKiragandur @hombalefilms @HombaleGroup
@RaviBasrur @bhuvangowda84 @LahariMusic https://t.co/DA8IHqbYsQ"
283,1501132545148080135,2022-03-08 09:47:43+00:00,20959,"Happy women's day, you all are powerful!
#KGFChapter2 @TandonRaveena @SrinidhiShetty7 @MalavikaBJP #EswariRao @jois_archie @RoopaRayappa 
#HappyWomensDay https://t.co/hDj9bemKKP"
125,1515275775980711937,2022-04-16 10:27:52+00:00,20867,"Thankyou for all the loveâ™¥ï¸â™¥ï¸ğŸ™ğŸ» #gratitude 

#KGFChapter2 

@Thenameisyash @prashanth_neel @VKiragandur @hombalefilms @duttsanjay @TandonRaveena @SrinidhiShetty7 @excelmovies @AAFilmsIndia @VaaraahiCC @DreamWarriorpic @PrithvirajProd 

#KGF2BoxOfficeMonster https://t.co/if7XnFSjgh"
147,1514891977778958342,2022-04-15 09:02:47+00:00,20731,#KGFChapter2 Thanks everyoneğŸ™ğŸ»ğŸ™ğŸ» https://t.co/3f0ri00XnB
286,1499263301242343425,2022-03-03 06:00:00+00:00,20625,"There is always a thunder before the storm âš¡
#KGFChapter2 Trailer on March 27th at 6:40 pm.

Stay Tuned: https://t.co/QxtFZcv8dy

@Thenameisyash @prashanth_neel
@VKiragandur @hombalefilms @HombaleGroup @duttsanjay @TandonRaveena @SrinidhiShetty7
 
#KGF2TrailerOnMar27 https://t.co/4TBuGaaUKh"
226,1513841904399822853,2022-04-12 11:30:10+00:00,20594,"Which movie are you Eagerly waiting to watch ğŸ˜ğŸ’¥

Retweet ~ #Beast 
Heart ~ #KGFChapter2 
#Beast #KGFChapter2 #ThalapathyVijay #Yash #RockyBhai #VeeraRaghavan #Nelson #Anirudh #BeastFDFS #KGF2FDFS #TamilCinema #IGPoll #Indiaglitz https://t.co/YKJrCKel19"
339,1340546858435760129,2020-12-20 06:37:31+00:00,20449,"Nothing short of a crazy, exhausting and fulfilling shootğŸ¥ The best team hands down!!!!
@duttsanjay sir a true warrior in real life âš” @TheNameIsYash a treat to work with as alwaysğŸ”¥
An end to the climax shootğŸ‘Cant wait for the world to see #KGFChapter2 only on the big screenğŸ™ https://t.co/7EZSAnWehY"
269,1507969954368602113,2022-03-27 06:37:08+00:00,20427,"We are delighted to announce @Suriya_offl will release our #KGFChapter2 Tamil trailer.
 
#KGFChapter2TrailerDay

#KGFChapter2Trailer at 6:40 PM today on  https://t.co/QxtFZcNhrG (South) &amp; https://t.co/4hTQlu1E2D (Hindi) YT Channels

@hombalefilms @DreamWarriorpic @prabhu_sr https://t.co/8hegamuyer"
282,1504713965296885762,2022-03-18 06:59:00+00:00,20274,"Get Ready! #Toofan is coming ğŸ”¥

'Toofan' Lyrical Video will be out on March 21st at 11:07 AM.

#KGFChapter2 #KGF2onApr14

@Thenameisyash @prashanth_neel @VKiragandur
@hombalefilms @HombaleGroup @duttsanjay @TandonRaveena @SrinidhiShetty7 @bhuvangowda84 @RaviBasrur @LahariMusic https://t.co/nBwy8mNiTt"
77,1517473289676881920,2022-04-22 12:00:00+00:00,20236,"à®‰à®™à¯à®•à®³à¯ à®…à®©à¯à®ªà¯à®•à¯à®•à¯à®®à¯ à®†à®¤à®°à®µà®¿à®±à¯à®•à¯à®®à¯ à®¨à®©à¯à®±à®¿!

#KGFChapter2 @TheNameIsYash @prashanth_neel @VKiragandur @duttsanjay @TandonRaveena @SrinidhiShetty7 @hombalefilms @prabhu_sr @DreamWarriorpic

#KGF2BoxOfficeMonster https://t.co/ZZ139HutRY"
186,1514517939935866880,2022-04-14 08:16:29+00:00,20060,"Due to EXCELLENT WoM, many theatres are shifting #KGFChapter2 to their main BIG screen by replacing #Beast.

Additional shows are also getting added for #Yash starrer."
370,1208368064682582016,2019-12-21 12:46:11+00:00,20021,"Here it is... First look poster of #KGFChapter2... Stars #Yash, #SanjayDutt and #SrinidhiShetty. #KGFChapter2FirstLook https://t.co/R6GK0dbiDq"
365,1226757116376956929,2020-02-10 06:37:43+00:00,19618,"Welcome on board Rao Ramesh sir.
We will leave it to the audience to keep guessing on this one, till they see you on the big screen.
Thank you for being apart of #KGFChapter2 https://t.co/fWteQ5YnHm"
297,1473189320982876160,2021-12-21 07:11:19+00:00,19590,"You guys conquered #KGFChapter1 on the big screens like your own. Thank you for all the love and support. 
Cant wait for the world to witness #KGFChapter2 on April 14th 2022.
#3YearsforKGF
https://t.co/A2FQc9wgyB"
293,1479656384408875010,2022-01-08 03:29:07+00:00,19568,"Cautionâš ï¸ Danger ahead !
Birthday wishes to our ROCKY BHAI @Thenameisyash.
#KGFChapter2 @prashanth_neel @VKiragandur @HombaleGroup @duttsanjay @TandonRaveena @SrinidhiShetty7 @VaaraahiCC @excelmovies
@AAFilmsIndia @DreamWarriorpic @PrithvirajProd 
#KGF2onApr14 #HBDRockingStarYash https://t.co/TVeHXcsCzx"
61,1519930259352985600,2022-04-29 06:43:07+00:00,19376,"Which Film has Bigger experience???

#BEASTKwHighestGrosser2022 #KGF2 #YashBOSS #Thalapathy66 https://t.co/qPcjijQZsX

ğŸ”„ #Beast â¤ #KGFChapter2 https://t.co/Ex6KCC97nu"
206,1514426211195580419,2022-04-14 02:12:00+00:00,19279,"#KGFChapter2 [4/5] : A Movie for the Masses! ğŸ”¥ 

An Action Entertainer with an Emotional Touch of Epic Proportions! 

This is the kind of movie of Indian Cinema should be making! 

Non-stop Entertainment!"
181,1514532663159398402,2022-04-14 09:15:00+00:00,19209,"#Mehabooba audio track releasing today at 4:05 PM.
Stay Tuned to @LahariMusic &amp; @Mrtmusicoff

#KGFChapter2 @Thenameisyash @prashanth_neel @VKiragandur @hombalefilms @duttsanjay @TandonRaveena @SrinidhiShetty7 @excelmovies @AAFilmsIndia @VaaraahiCC @DreamWarriorpic @PrithvirajProd https://t.co/E6GfgpD31u"
316,1382260240825995266,2021-04-14 09:11:37+00:00,18822,"The only place where #kgfchapter2 and #salaar can cross paths is @BasrurRavi studio!!!
Working on music with the magician himselfğŸ’« https://t.co/mjj0UGvbXc"
383,1155697965417107456,2019-07-29 04:34:01+00:00,18667,"Presenting #MotherOfAllCollisions @duttsanjay
 as #Adheera. Wishing you a very Happy Birthday Sir.
#SanjayDuttAsAdheera in #KGFChapter2 https://t.co/5NOTgGFsZL"
165,1514799277033549826,2022-04-15 02:54:25+00:00,18611,"All-India BO (Hindi) - Day 1:

Nett:

1. #KGFChapter2 - â‚¹ 54 Crs (Early Estimates)

2. #Beast - â‚¹ 50 Lakhs"
363,1232181163944398848,2020-02-25 05:50:56+00:00,18606,"Which film will create a storm at the box office?

ğŸ”#Retweet for #KGFChapter2 
â¤ï¸Like for #Master 

#PVRPoll #TuesdayMotivation #TuesdayMorning https://t.co/03VBhoztET"
330,1347759308050583560,2021-01-09 04:17:13+00:00,18580,"What a stunnnjng teaser ğŸ’¥ğŸ’¥ğŸ’¥ #KGF2
Pride of our Kannada film industry âœ¨
#KGFChapter2 https://t.co/XaREwwHFHF"
230,1513433029725032449,2022-04-11 08:25:27+00:00,18553,"I AM VIOLENCE @TheNameIsYash 
Please donâ€™t avoid me ğŸ¥²â¤ï¸

#KGF2InCinemas #KGF2onApr14 
#KGFChapter2 #KGF2 https://t.co/dbKkFZrDxi"
199,1514454315834175490,2022-04-14 04:03:40+00:00,18159,#KGFChapter2 Hindi has beaten #Baahubali2 Hindi for a new All-time Adv Booking record in India..
348,1288347063885787137,2020-07-29 05:34:11+00:00,18009,Hereâ€™s wishing you a happy birthday bro @duttsanjay and hereâ€™s sharing your first look as â€˜Adheeraâ€™ from #KGFChapter2 https://t.co/eY0UeAAcPY
146,1514916179084967944,2022-04-15 10:38:57+00:00,17975,"Some theatres in B and C centers are allowing over capacity audience for #KGFChapter2 in TN to meet the demand..

Extra chairs or audience can sit on the floor or watch it standing..

The last time, it happened for #Viswasam in TN.."
270,1507959350144352258,2022-03-27 05:55:00+00:00,17968,"We are Elated to have the Mega Powerstar @AlwaysRamCharan to launch our #KGFChapter2 Telugu trailer on his birthday. ğŸ¤©

#HBDRamCharan #KGFChapter2TrailerDay

#KGFChapter2Trailer at 6:40 PM today on  https://t.co/b5iOww5gcf (South) &amp; https://t.co/zRPXvt0F9R (Hindi) YT Channels. https://t.co/ZXuuQmJmlf"
251,1508431396070912005,2022-03-28 13:10:44+00:00,17963,"Records.. Records.. Records..ğŸ’¥

Rocky don't like it, He avoids, But Records likes Rocky! 
He Cannot avoid it.

ğŸğŸğŸ— + ğŒğ¢ğ¥ğ¥ğ¢ğ¨ğ§ ğ•ğ¢ğğ°ğ¬ ğ¢ğ§ ğŸğŸ’ ğ‡ğ¨ğ®ğ«ğ¬ â™¥ï¸ğŸ™

Kannada: 18M
Telugu: 20M
Hindi: 51M
Tamil: 12M
Malayalam: 8M

#KGFChapter2Trailer #KGFChapter2 https://t.co/n6pspljdxj"
192,1514496835565813767,2022-04-14 06:52:38+00:00,17907,"Watched 20 to 25 Public review videos of #KGFChapter2 from different cities in TN..

Not a single negative comment..

Never seen such unanimous positive WOM!"
294,1479483106734137353,2022-01-07 16:00:34+00:00,17836,"The ferocious monster will see you at 9 am tomorrow ğŸ”¥
Let the blitzkrieg begin! 
@TheNameIsYash #HBDRockingStarYash #KGFChapter2 #KGF2onApr14
#NewPosterRelease"
18,1548875220274106369,2022-07-18 03:40:03+00:00,17835,"Boss Of Sandalwood ğŸ˜ğŸ’¥

"" 14 YEARS OF YASHISM ""

#YashBOSS #Yash19 #KGFChapter2 https://t.co/BEFITJyJFR"
183,1514528144073818119,2022-04-14 08:57:02+00:00,17832,"Congratulations @TheNameIsYash Bro for the huge opening of #KGFChapter2 World-wide..

U simply rocked in the movie.. ğŸ‘ https://t.co/5B2aP3qWjw"
275,1507604020482904068,2022-03-26 06:23:03+00:00,17727,#KGFChapter2 Trailer Tomorrow ğŸ”¥ https://t.co/cO8504RVo9
94,1516229447602503686,2022-04-19 01:37:25+00:00,17638,"à®¤à®°à®®à®¾à®© à®šà¯†à®°à¯à®ªà¯à®ªà®Ÿà®¿ ğŸ‘ŒğŸ»

#Beast #KGFChapter2 https://t.co/ER9Mbzmmsz"
189,1514506661460787202,2022-04-14 07:31:40+00:00,17503,"Bigger than super hits,
block busters,Records and wonders is the Will power to conquer the world.
#KGFChapter2 
THE INSPIRATION TO CONQUER ..
@TheNameIsYash sir 
AAP BAS RUKHNA MATHğŸ’¥
@prashanth_neel sir 
The world needs ur madnessğŸ”¥
Team #KGF 
SALUTE ğŸ™
P.S. DONT MISS END TITLES https://t.co/dESP0ZARUT"
55,1520729483732414465,2022-05-01 11:38:57+00:00,17421,"How did they make #KGFChapter2 look like that? Visually incredible, sound effects &amp; BGM amazing. Yash is of course awesome - who picked is flamboyant outfits? They were perfectly Rocky bhai, I loved them! I regret having to wait to see this film. It was freaking fantastic."
110,1515692845453447170,2022-04-17 14:05:09+00:00,17391,"KGF Chapter 2 Special Premiere at the RCB Bio Bubble tonight &amp; weâ€™re all set for the blockbuster! Hereâ€™s a sneak peek. More to followâ€¦

@hombalefilms @TheNameIsYash @VKiragandur @prashanth_neel @ChaluveG @duttsanjay @TandonRaveena 

#RCB #à²¨à²®à³à²®RCB #RCBxHombale #KGF2 #KGFChapter2 https://t.co/uQAha67NaW"
149,1514883470731800577,2022-04-15 08:28:59+00:00,17342,"Thank you everyone â¤ï¸ #gratitude

#KGFChapter2 

@Thenameisyash @prashanth_neel @VKiragandur @hombalefilms @duttsanjay @TandonRaveena @bhuvangowda84 @RaviBasrur @excelmovies @AAFilmsIndia @VaaraahiCC @DreamWarriorpic @PrithvirajProd 

#KGF2BoxOfficeMonster https://t.co/FQ4XBA60Z3"
315,1397047345418706946,2021-05-25 04:30:17+00:00,17274,"Wishing the versatile actor #RaoRamesh sir a very safe Happy Birthday.

Here's a glimpse of #KannegantiRaghavan in #KGFChapter2.
 Stay home stay safe everyoneğŸ™ğŸ» https://t.co/V1nWcJtthg"
300,1452902838187663361,2021-10-26 07:40:04+00:00,17196,"Happy birthday @TandonRaveena mam. NO ONE would have played Ramika Sen the way you did. The most fun and intimidating prime minister I worked withğŸ˜Š
#KGFChapter2 
#KGF2onApr14 https://t.co/9WKI61imYD"
209,1514387213924311040,2022-04-13 23:37:02+00:00,17132,#KGFChapter2 has the potential to do â‚¹ 100 crs gross in TN.. ğŸ”¥
59,1520314605976707072,2022-04-30 08:10:22+00:00,17103,"The Man who believed in hard work more than luck #YashBOSSğ“ƒµ ğŸ™

Now his movie #KGFChapter2 grosses 1000cr world wide in 16 days. 

https://t.co/pfWX3VK1Vt https://t.co/M3KrUV8DEf"
311,1412375411061784584,2021-07-06 11:38:33+00:00,17039,"Witness the MAGNUM OPUS come to life soon.

#KGFChapter2 @hombalefilms @TheNameIsYash @prashanth_neel @VKiragandur @HombaleGroup @duttsanjay @TandonRaveena @SrinidhiShetty7 @Karthik1423 @excelmovies @AAFilmsIndia @VaaraahiCC @PrithvirajProd @DreamWarriorpic @LahariMusic https://t.co/yBjhXy1WPh"
148,1514889053971263489,2022-04-15 08:51:10+00:00,17028,"BIGGEST opening day grossers 

Tamil Nadu - #Valimai 
AP/TS - #RRRMovie
Karnataka - #KGFChapter2
Kerala - #KGFChapter2
North - #KGFChapter2"
138,1514995619512950785,2022-04-15 15:54:37+00:00,16884,"#KGFChapter2 shifting from 300 seat capacity to 1000+ seat capacity screens.

#Beast shifting from 1000+ seat capacity to 300 seat capacity screens."
142,1514950769950466053,2022-04-15 12:56:24+00:00,16687,"All-India Box office - Day 1 : 

Gross : 

1. #KGFChapter2 - â‚¹ 134.5 Crs

2. #Beast - â‚¹ 57.5 Crs"
16,1550359505116221441,2022-07-22 05:58:04+00:00,16668,"Thank u to each and everyone for making this happen ğŸ™

#100MonsterDaysOfKGF2

#KGFChapter2 @TheNameIsYash @VKiragandur @hombalefilms @HombaleGroup @duttsanjay @TandonRaveena @SrinidhiShetty7 @RaviBasrur @bhuvangowda84 @shivakumarart #KGF2 #HombaleFilms https://t.co/hvk53oyaqj"
317,1375366952722423813,2021-03-26 08:40:09+00:00,16624,"A Jewel to the Film Fraternity!!
Wishing @prakashraaj sir a very Happy Birthday. 
#Vijayendraingalgi in #KGFChapter2 https://t.co/na5vPAzx5N"
246,1509044384322314247,2022-03-30 05:46:32+00:00,16599,"Metaverse will soon be Rocky's world
Get ready for a grand entry on April 7th 
Offer Closes Soon!!

#KGFVerse: https://t.co/kUum0BLVRO

#KGFChapter2 @prashanth_neel @VKiragandur @hombalefilms https://t.co/r6dnnIALKJ"
182,1514529515510267907,2022-04-14 09:02:29+00:00,16522,"When she says 
â€œKgf 2 dekhne ke lie 1 dekhna zaroori kya hai?â€
#KGFChapter2 
(Not kidding this really happened with me) https://t.co/dWxeESHKtm"
256,1508272808870428675,2022-03-28 02:40:34+00:00,16516,"#CINEMAUPDATE | Itâ€™s not KGF vs Beast, itâ€™s KGF and Beast -à®¨à®Ÿà®¿à®•à®°à¯ à®¯à®¾à®·à¯  

#SunNews | #KGFChapter2 | #BeastFromApril13 | #kgfandbeast | @TheNameIsYash | @actorvijay https://t.co/0DVVBpAhod"
53,1521113129534468097,2022-05-02 13:03:25+00:00,16499,"â™¥ï¸ğŸ¤ğŸ’œğŸ’šğŸ’›

You guys are remarkable at what you do and I wish you &amp; ur team all the more success ğŸ’¥ lots of loveğŸ’«

#KGFChapter2 #Reena #glimpses #Stylefiles https://t.co/v4Qi0td0F0"
38,1526435209880621056,2022-05-17 05:31:28+00:00,16439,"He came, he saw and he conquered

#KGFChapter2

@TheNameIsYash @prashanth_neel @hombalefilms @KGFTheFilm https://t.co/VB8bl8cN7W"
374,1205717811357569024,2019-12-14 05:15:02+00:00,16403,"Perfect time for celebrations!!!!

We are absolutely elated to unveil the #KGFChapter2 First Look on Dec 21st.

#KGFChapter2FirstLook 

@TheNameIsYash @prashanth_neel
@duttsanjay @VKiragandur @SrinidhiShetty7 @bhuvangowda84 @BasrurRavi @hombalefilms https://t.co/vKSFrWRjEM"
373,1205720294846894081,2019-12-14 05:24:54+00:00,16401,"The journey of Adheera begins... #KGFChapter2 first look out on 21st Dec. It's been a wonderful experience being a part of the KGF franchise!

@TheNameIsYash @VKiragandur @Karthik1423 @Prashanth_neel @hombalefilms https://t.co/XFu0aj81TX"
274,1507621891988549632,2022-03-26 07:34:03+00:00,16377,"#TOOFAN à²¤à³Šà²¡à³† à²¤à²Ÿà³à²Ÿà²¿ à²¨à²¿à²‚à²¤ à²¬à²¡à²¿ à²—à²Ÿà³à²Ÿà²¿à²—à²¨à³†! ğŸŒªï¸ğŸ”¥

On popular demand. ğŸ˜‰

@kreditbee 

#PlayBold #WeAreChallengers #RCB #IPL2022 #TATAIPL #à²¨à²®à³à²®RCB #Mission2022 #KGFChapter2 #ViratKohliğ“ƒµ https://t.co/o6vFLSjguH"
204,1514427383838765056,2022-04-14 02:16:39+00:00,16312,"Thank you ğŸ™â™¥ï¸
#KGFChapter2

https://t.co/AeSkevJrvp"
177,1514597853318234123,2022-04-14 13:34:02+00:00,16287,#KGFChapter2 First Kannada origin movie to cross $1 Million in USA ğŸ‡ºğŸ‡¸ https://t.co/IZdFfXyok9
287,1498663982177349633,2022-03-01 14:18:31+00:00,16106,"â€˜Prepping up ğŸ”¥
#KGFChapter2 #KGF2onApr14 https://t.co/2Qqj2LAFnx"
250,1508431423966908419,2022-03-28 13:10:51+00:00,16082,"A big thank you to each and everyone for pumping us with so much of love and energy towards
#KGFChapter2Trailer ğŸ™ğŸ¼
Hope we make you all proud!
https://t.co/DaLmxXpTx9
#KGFChapter2 @thenameisyash @VKiragandur 
@hombalefilms @duttsanjay @TandonRaveena @SrinidhiShetty7 #KGF2onApr14 https://t.co/KrzfxUBz0P"
66,1518194567224258561,2022-04-24 11:46:06+00:00,16061,"Itâ€™s just the beginning ğŸ‰
#KGFChapter2

@TheNameIsYash @prashanth_neel @VKiragandur https://t.co/QdGR70p9yr"
299,1468090401907425280,2021-12-07 05:30:02+00:00,16012,Adheera is back in action! The dubbing sessions are done for #KGFChapter2 and is on its way to theaters near you on 14th April 2022! https://t.co/xBYvvc2XYK
144,1514942359116861441,2022-04-15 12:22:59+00:00,15911,#KGFChapter2 WW Day 1 Gross would be around â‚¹ 165 Crs..
126,1515272766550777856,2022-04-16 10:15:54+00:00,15729,"Thu kya main kya Hatja Hatja ğŸ”¥
ğ“ğ¨ğ¨ğŸğšğ§ ğ“ğ¨ğ¨ğŸğšğ§ âš¡

#KGFChapter2 

@Thenameisyash @prashanth_neel @VKiragandur @hombalefilms @duttsanjay @TandonRaveena @SrinidhiShetty7 @excelmovies @AAFilmsIndia @VaaraahiCC @DreamWarriorpic @PrithvirajProd 

#KGF2BoxOfficeMonster https://t.co/QHYZBLlpmD"
95,1516057432132579328,2022-04-18 14:13:53+00:00,15712,"Our stars had some much needed downtime, thanks to @hombalefilms, as we were enthralled with a special screening of the blockbuster #KGF2. ğŸ¤©

Safe to say all our stars loved the experience. ğŸ™ŒğŸ»

#PlayBold #RCBÂ  #à²¨à²®à³à²®RCB  #RCBxHombale #KGFChapter2 https://t.co/X2znmSOndj"
203,1514430097289191424,2022-04-14 02:27:26+00:00,15590,"#KGFChapter2: â­â­â­â­

MASS-EXTRAVAGANZA

Real beast @TheNameIsYash unleashed with over the top praise worthy performance backed by @prashanth_neel's fantastic plot. @duttsanjay is powerful. @TandonRaveena &amp; @SrinidhiShetty7 shines. BGM elevates, stunts &amp; visuals look stunning."
358,1238439034835226630,2020-03-13 12:17:29+00:00,15523,"RELEASE DATE FINALIZED... #KGFChapter2 to release on 23 Oct 2020... Stars #Yash, #SanjayDutt, #SrinidhiShetty and #RaveenaTandon... Directed by Prashanth Neel... Poster... https://t.co/Afuy7gZZjF"
120,1515380316537458696,2022-04-16 17:23:16+00:00,15431,"#KGFChapter2 has BEATEN #Beast for the second consecutive day at TN Box Office.

HISTORY being created by #Yash &amp; #KGF2."
345,1318771469346729986,2020-10-21 04:29:54+00:00,15413,"Can Love and Brutality Coexist.....? â¤ï¸âš”ï¸
Wishing our Reena, @SrinidhiShetty7 a very Happy Birthday. 
#HBDSrinidhiShetty #KGFChapter2 https://t.co/JS4xqHHXL4"
220,1514207548131676166,2022-04-13 11:43:06+00:00,15368,"#KGFChapter2  â‚¹ 65 crs adv booking already..

Day 1 â‚¹ 100+ Crs opening loading.. ğŸ”¥"
234,1513030263533670404,2022-04-10 05:45:00+00:00,15365,"In a first of its kind partnership, RCB &amp; @hombalefilms are coming together to build an association at the intersection of sports, movies, multi format content and more.

#PlayBold #WeAreChallengers #RCB #à²¨à²®à³à²®RCB #KGF2 #KGFChapter2 https://t.co/zLMqrZau0a"
68,1518140184046542849,2022-04-24 08:10:00+00:00,15337,"#TheMonster song at 3:30 pm today ğŸ”¥

Stay Tuned: https://t.co/grk8SQviRG

#KGFChapter2 @Thenameisyash @prashanth_neel @VKiragandur @hombalefilms @duttsanjay @TandonRaveena @SrinidhiShetty7 @RaviBasrur @excelmovies @AAFilmsIndia @VaaraahiCC @DreamWarriorpic @PrithvirajProd https://t.co/3kW99jBaPf"
179,1514593821728083968,2022-04-14 13:18:01+00:00,15330,#KGFChapter2  â€¦. ROARS.. CONGRATULATIONS â€¦ TEAM ..all your hard work has paid off. .. à²•à²¨à³à²¨à²¡à²¦ à²¹à³†à²®à³à²®à³†à²¯ à²šà²¿à²¤à³à²°à²µà²¨à³à²¨à³ ..à²†à²¦à²°à²¦à²¿à²‚à²¦ à²¬à²°à²®à²¾à²¡à²¿à²•à³Šà²‚à²¡ à²°à²¸à²¿à²•à²°à²¿à²—à³† à²¨à²®à²¸à³à²•à²¾à²° .. ğŸ™ğŸ»ğŸ™ğŸ»ğŸ™ğŸ» https://t.co/6L0jrrOAtX
194,1514488197631430657,2022-04-14 06:18:18+00:00,15264,@TheNameIsYash Congratulations brother .. so happy and proud for youâ€¦ hearing awesomeeeeee reviews of #KGFChapter2 .. Rock it and a super big hug to the entire team. Rockkkkk it bro.
89,1516439151054245891,2022-04-19 15:30:42+00:00,15128,"Welcome the Royal Challengers. KGF Family United!

@hombalefilms @RCBTweets @TheNameIsYash @prashanth_neel @duttsanjay @TandonRaveena @VKiragandur @ChaluveG

#à²¨à²®à³à²®Hombale #à²¨à²®à³à²®RCB #RCBxHombale #PlayBold #PlayToofani #KGFChapter2 https://t.co/cMTnKwX0Wi"
78,1517424548248911872,2022-04-22 08:46:19+00:00,15049,"HISTORY created at TN Box Office. 

#KGFChapter2 with â‚¹64.04 cr in 8 days BEATS #BeastMovie [â‚¹61.17 cr] 9 days run.

For the first time a Sandalwood movie has gone past Kollywood movie while running together in TN BO."
60,1520233880078667776,2022-04-30 02:49:36+00:00,15032,"#KGFChapter2 has crossed â‚¹ 1,000 Crs Gross Mark at the WW Box Office..

Only the 4th Indian Movie to do so after #Dangal , #Baahubali2 and #RRRMovie"
168,1514767029089484806,2022-04-15 00:46:17+00:00,14999,#KGFChapter2 Hindi has set a new All-time record for Day 1 opening in India for Hindi movies..
39,1526068259639873538,2022-05-16 05:13:20+00:00,14956,"#KGF2 is unaffected by new releases week after week... Collects â‚¹ 6.35 cr in Weekend 5... While *most* films run out of fuel in Week 1 itself, #KGFChapter2 is simply unstoppable... [Week 5] Fri 1.23 cr, Sat 2.14 cr, Sun 2.98 cr. Total: â‚¹ 427.05 cr. #India biz. #Hindi version. https://t.co/wQdvb8K93i"
188,1514514100499333120,2022-04-14 08:01:14+00:00,14924,#HombaleFilms have arrived with a bang with #KGF2... The production house - a hugely respected and successful entity in #Kannada film industry -  has made a big splash globally with #KGFChapter2... Kudos to #VijayKiragandur for steering the company to dizzy heights of success. https://t.co/oJux4OTXuY
132,1515152828767272966,2022-04-16 02:19:19+00:00,14861,"All-India Box Office - April 15th :

Hindi Version - Nett : 

1. #KGFChapter2 - â‚¹ 44 Crs 

2. #RRR - â‚¹ 3 Crs 

3. #Beast/ #RAW - â‚¹ 15 Lakhs"
357,1238440238122291200,2020-03-13 12:22:16+00:00,14826,"Witness Adheera's journey in cinemas near you as #KGFChapter2 releases worldwide on October 23rd, 2020

#KGFChapter2OnOct23 
@TheNameIsYash @prashanth_neel @VKiragandur @duttsanjay @SrinidhiShetty7 @TandonRaveena  @bhuvangowda84 @BasrurRavi @Karthik1423 @AAFilmsIndia @excelmovies https://t.co/Ksjq9v3lSZ"
83,1516984262922498049,2022-04-21 03:36:47+00:00,14819,"Except Telugu States and USA, #KGFChapter2 will overtake #RRR in every other domestic and overseas market.."
291,1479665961292943360,2022-01-08 04:07:10+00:00,14620,"'KGF2' HOLDS ON TO 14 APRIL 2022... Team #KGFChapter2 - which had finalised 14 April 2022 - is sticking to this date... NO CHANGE IN RELEASE DATE... On #Yash's birthday today, Team #KGF2 unveils the new poster... https://t.co/CGMb4ChhQA"
118,1515490320653647877,2022-04-17 00:40:23+00:00,14557,Day 3 early estimates for #KGFChapter2 Hindi in India ğŸ‡®ğŸ‡³ is â‚¹ 40 Crs Nett.. ğŸ”¥
79,1517367100456665088,2022-04-22 04:58:02+00:00,14545,"#KGF2 is a BLOCKBUSTER...
#Hindi benchmarks...
Crossed â‚¹ 50 cr: Day 1
â‚¹ 100 cr: Day 2
â‚¹ 150 cr: Day 4
â‚¹ 200 cr: Day 5
â‚¹ 225 cr: Day 6
â‚¹ 250 cr: Day 7
â­ Should cross â‚¹ 300 cr in Weekend 2. #India biz.
#KGFChapter2 https://t.co/9C48TqTHTI"
41,1524425510121476097,2022-05-11 16:25:38+00:00,14531,"Allu Arjun in Pushpa or Yash in KGF Chapter 2, whose acting impressed you most?

ğŸ”: Allu Arjun
â™¥ï¸: Yash

#Pushpa #KGFChapter2 #AlluArjun #YashBOSS https://t.co/8G8G9Uaayn"
359,1238437904747298818,2020-03-13 12:13:00+00:00,14471,"Gates of narachi open worldwide on Oct 23rd 2020 
#KGFChapter2 

#KGFChapter2OnOct23 @TheNameIsYash @prashanth_neel @VKiragandur @duttsanjay @SrinidhiShetty7 @TandonRaveena @bhuvangowda84 @BasrurRavi @Karthik1423 @AAFilmsIndia @excelmovies @FarOutAkhtar @ritesh_sid @VaaraahiCC https://t.co/zAU8rsjnq9"
154,1514867433403994112,2022-04-15 07:25:15+00:00,14392,#KGFChapter2 all India day 1 record opening close to 150 crores gross.
133,1515026457470586880,2022-04-15 17:57:09+00:00,14384,"On Day 2, #KGFChapter2 Hindi is trending towards â‚¹ 45 crs Nett.. ğŸ”¥"
367,1226382258510028802,2020-02-09 05:48:10+00:00,14261,"The lady who issues the death warrant has arrived!!!

A warm welcome to you @TandonRaveena mam. 
#RamikaSen In the building. 
#KGFChapter2 https://t.co/5MTmhz3D8z"
63,1518541474027438080,2022-04-25 10:44:35+00:00,14155,"2022 Top 5 TN Grossers: (As of Apr 24th) 

1. #Valimai 

2. #Beast * 

3. #RRRMovie * 

4. #KGFChapter2 *

5. #EtharkkumThunindhavan 

* - Still In Theatres"
355,1286891990055972864,2020-07-25 05:12:14+00:00,14146,"#KGFChapter2 update very very soon!!!
ğŸ™"
333,1347204835368603654,2021-01-07 15:33:57+00:00,14125,"#BREAKING: 
#KGFChapter2 teaser to release today at 9:29pm"
368,1224629953473470465,2020-02-04 09:45:08+00:00,14122,"ğŸ“¢ #PVRPoll ğŸ“¢

2020 brings us 2 major blockbuster releases! ğŸ”¥

Which one are you more excited for?

ğŸ”„ #Retweet for #Master 
â¤ï¸ Like for #KGFChapter2 https://t.co/66nYa8va05"
324,1355139129382735873,2021-01-29 13:02:00+00:00,14098,"#KGFChapter2 Worldwide Theatrical Release On July 16th, 2021.
#KGFChapter2onJuly16

@TheNameIsYash @prashanth_neel @VKiragandur @hombalefilms @duttsanjay @TandonRaveena @SrinidhiShetty7 @prakashraaj @BasrurRavi @bhuvangowda84 @excelmovies @AAFilmsIndia @VaaraahiCC @PrithvirajProd https://t.co/ch1yq07TdA"
290,1490933142190170112,2022-02-08 06:18:55+00:00,14076,"Gavel of brutality ! 
Dubbing completed with the coolest prime minister #RamikaSen.
Thank you mam @TandonRaveena.

#KGFChapter2 #KGF2onApr14 https://t.co/RGlUWN62J0"
106,1515875892504850432,2022-04-18 02:12:31+00:00,14056,"#KGFChapter2 WW Box Office 

CROSSES â‚¹500 cr milestone mark in just 4 days.

Day 1 - â‚¹ 165.37 cr
Day 2 - â‚¹ 139.25 cr
Day 3 - â‚¹ 115.08 cr
Day 4 - â‚¹ 132.13 cr
Total - â‚¹ 551.83 cr

#2 at the global box office after fantastic beasts. 

#Yash #KGF2"
101,1516040096537063425,2022-04-18 13:05:00+00:00,14042,"ğ“ğ¡ğ ğ–ğ¨ğ«ğ¥ğ ğ¢ğ¬ ğ‘ğğ‚ğŠğ˜ ğğ‡ğ€ğˆ'ğ¬ ğ“ğğ«ğ«ğ¢ğ­ğ¨ğ«ğ²!

#KGFChapter2 
@Thenameisyash @prashanth_neel @VKiragandur @hombalefilms @duttsanjay @TandonRaveena @SrinidhiShetty7 @excelmovies @AAFilmsIndia @VaaraahiCC @DreamWarriorpic @PrithvirajProd 
#KGF2BoxOfficeMonster https://t.co/kWotzxRafB"
75,1517512913871065088,2022-04-22 14:37:27+00:00,13979,#KGFChapter2 crosses â‚¹ 750 Crs at WW Box office in 8 days.. Nearly $100 Million.. ğŸ”¥
273,1507695971605508101,2022-03-26 12:28:25+00:00,13974,"Arrived in #Bengaluru for the grand #KGF2Trailer launch event, to be held tomorrow [27 March 2022]. Looking forward!
#Yash #SanjayDutt #SrinidhiShetty #RaveenaTandon #PrashanthNeel #VijayKiragandur #KGF2 #KGFChapter2 https://t.co/wagv5gVxQG"
334,1347203740625903623,2021-01-07 15:29:36+00:00,13891,"U may hack, u may leak
U may reach the target early but the honest men wins the big game always.
#RockyBhai wins always
#KGFChapter2 teaser premiered today at 929pm"
260,1508071917508431872,2022-03-27 13:22:18+00:00,13816,"Here come the violent men. Best wishes to the entire team.

#KGFChapter2Trailer ğŸ”¥

â–¶ï¸https://t.co/HBAX8in1bE

#KGFChapter2 @TheNameIsYash @prashanth_neel @VKiragandur @hombalefilms @HombaleGroup @VaaraahiCC @duttsanjay @TandonRaveena @SrinidhiShetty7

#KGF2onApr14"
64,1518263220896559104,2022-04-24 16:18:54+00:00,13787,"For the first-time today, #KGFChapter2 is loading 2 digit gross for a single day in TN.. ğŸ”¥"
340,1340184082966200321,2020-12-19 06:35:59+00:00,13736,"Here's the much anticipated news of the year! The wait is over! This is for all our crazy fans out there. #KGFChapter2

@VKiragandur @TheNameIsYash @prashanth_neel @hombalefilms @duttsanjay @SrinidhiShetty7 @TandonRaveena @bhuvangowda84 @BasrurRavi @Karthik1423 https://t.co/Z7EdeXkzjG"
228,1513530516347121664,2022-04-11 14:52:49+00:00,13577,"Kannada film industry was one of the most ignored ones in the country. Nobody really cared about it!

Today, a bollywood movie postponed its release fearing a Kannada movie.

NICE!!! Thank you people!

#KGFChapter2"
265,1508068821722021891,2022-03-27 13:10:00+00:00,13529,"The world is my territory, says the SULTHAN

Unleashing #KGFChapter2Trailer ğŸ”¥

Kannada: https://t.co/dOGoU5WjTm
Telugu: https://t.co/is7JIZGABl
Tamil - https://t.co/w4fyaRGOw1
Malayalam: https://t.co/fpNSr3tS3q

#KGFChapter2 @thenameisyash @prashanth_neel 
@VKiragandur https://t.co/e4PZ920QnV"
329,1355010028130988033,2021-01-29 04:29:00+00:00,13482,"That promise will be fulfilled.
#KGFChapter2 release date announcement today at 6:32pm.

@TheNameIsYash @prashanth_neel @VKiragandur
@hombalefilms @duttsanjay @TandonRaveena
@SrinidhiShetty7 @prakashraaj @BasrurRavi @bhuvangowda84 @excelmovies @VaaraahiCC @PrithvirajProd https://t.co/LcfvZ4LNZT"
128,1515204548171743240,2022-04-16 05:44:50+00:00,13470,Superstar #Rajinikanth watched #KGFChapter2 and praised the team for delivering a blockbuster movie.
232,1513360036281548802,2022-04-11 03:35:24+00:00,13449,#Yash about Telugu audience at #Tirupati Press meet !! #KGFChapter2 https://t.co/81zqKsbBdS
288,1496398239460958212,2022-02-23 08:15:16+00:00,13434,"We know the wait has been exasperating. But, we are very excited to see the eagerness of our beloved fans to get a glimpse of KGF: Chapter 2. What do you want to see first? 
Let the KGF army decide the next move!  
#KGF2onApr14 #KGFChapter2"
27,1535573812070076417,2022-06-11 10:45:01+00:00,13402,"TN 2022 Top 3 Grossers till now.. 

1. #Valimai 

2. #KGFChapter2 

3. #Vikram"
207,1514425376378089478,2022-04-14 02:08:41+00:00,13386,"#KGFChapter2 #KGF2 - Second half is ğŸ”¥ğŸ”¥. International making with Indian sensibilities. @TheNameIsYash is also all set to go International with #KGF3! Superb stuff from @prashanth_neel , box office records to be rewritten ğŸ‘ğŸ‘ğŸ’ª"
84,1516955025293348864,2022-04-21 01:40:36+00:00,13344,#KGFChapter2 gets an additional 190 Theaters in TN and Pondy from Today/Tomorrow..
112,1515632989937758212,2022-04-17 10:07:18+00:00,13315,"Magnificent and Poweful. Whistles whistles and whistles for @TheNameIsYash  in theatres, all thro the movie! @prashanth_neel has delivered a super duper blockbuster as promised! ğŸ”¥ğŸ”¥ #KGFChapter2 https://t.co/UXliKThvGy"
167,1514793708960759814,2022-04-15 02:32:18+00:00,13315,"At the #Kerala Box Office, as per early estimates, #KGFChapter2 has taken All-time No.1 opening for Day 1 yesterday.. 

Waiting for final numbers.. https://t.co/CC0G4tQn0s"
23,1537809847365693440,2022-06-17 14:50:13+00:00,13297,"Movies like #Pushpa, #RRR and #KGFChapter2 and #Vikram all industry movies should be celebrated..

: @ikamalhaasan"
58,1520480705431572480,2022-04-30 19:10:23+00:00,13294,"#KGF2 BIGGEST MONSTER BLOCKBUSTERğŸ¤™â£ï¸

#KGFChapter2 #YashBOSS ğŸŒŠ
https://t.co/lN7gwzjoGq https://t.co/1Zd7frJJpu"
70,1518114063766589440,2022-04-24 06:26:12+00:00,13286,"#KGFChapter2 #Kgf2
Day10 collected more than Day1 
City &amp; Chengalpet is lit ğŸ”¥ğŸ”¥ğŸ”¥ğŸ”¥
#RockyBhai is Unstoppable!!! ğŸ˜âœŒğŸ¼ https://t.co/F20oY3JAwW"
174,1514629421600165892,2022-04-14 15:39:29+00:00,13234,"#Beast collections dropped today by almost 50% in the state and 80% outside TN due to poor occupancy and #KGFChapter2 wave, which is eating up most number of screens."
223,1514120929726533635,2022-04-13 05:58:55+00:00,13219,Advantage #KGFChapter2
117,1515514225212669952,2022-04-17 02:15:22+00:00,13186,"#KGFChapter2 in Telugu States is racing towards to â‚¹ 100 Crs gross.. 

â‚¹ 50 Crs+ done in 2 days.. https://t.co/ppusTslaWJ"
176,1514625147243687936,2022-04-14 15:22:30+00:00,13088,"1 am &amp; 4 am shows for Kannada movie on the second day, third day is unheard-of in Tamil Nadu.

But it is HAPPENING for #KGFChapter2."
153,1514867730255847426,2022-04-15 07:26:26+00:00,12956,#KGFChapter2 is now BIGGEST OPENER in #India [#Hindi version] Day 1 Nett :  â‚¹ 53.95 cr
268,1507970269067223044,2022-03-27 06:38:23+00:00,12953,"We are delighted to announce @Suriya_offl will release our #KGFChapter2 Tamil trailer.
 
#KGFChapter2TrailerDay

#KGFChapter2Trailer at 6:40 PM today on  https://t.co/b5iOwwnpqn (South) &amp; https://t.co/zRPXvtiOnZ (Hindi) YT Channels

@hombalefilms @DreamWarriorpic @prabhu_sr https://t.co/svq7nY3s9g"
208,1514396884286447616,2022-04-14 00:15:28+00:00,12927,"#KGFChapter2 1st Half : PURE VERITHANAM! EPIC STUFF! 

Rocky Bhai @TheNameIsYash has simply rocked..

Each and every scene, Dir @prashanth_neel has sethukkified..

BGM.. Mass.. Action.. Visuals.. Goosebumps ğŸ”¥ 

Typhoon has started.."
71,1518074333725601792,2022-04-24 03:48:20+00:00,12871,#KGFChapter2 has crossed â‚¹ 125 Crs Gross at the #Karnataka Box Office..
371,1205723836630437891,2019-12-14 05:38:58+00:00,12832,"Are you ready?... First look of #KGFChapter2 will unveil on 21 Dec 2019... Note the time: 5.45 pm... Stars #Yash, #SanjayDutt and #SrinidhiShetty. #KGFChapter2FirstLook https://t.co/MeYfk2ao3E"
163,1514805103806476295,2022-04-15 03:17:35+00:00,12634,"19 Years old Ujwal Kulkarni, the editor of #KGFChapter2 ğŸ‘ https://t.co/sJPiU7NJEt"
31,1532758510412308480,2022-06-03 16:18:00+00:00,12623,"In 2022, 3 movies that gave me personal satisfaction in-terms of Paisavasool Action sequences..

1. #Valimai 

2. #KGFChapter2 

3. #Vikram"
131,1515166529200951302,2022-04-16 03:13:45+00:00,12609,"#Chennai City Box Office - Apr 15th:

1. #Beast - â‚¹ 1.41 Crs 

2. #KGFChapter2 - â‚¹ 74 Lakhs"
193,1514495452846395393,2022-04-14 06:47:08+00:00,12604,"ROCKING STAR YASH
""Welcome to PAN INDIA club""

#KGFChapter2"
381,1155706622905221125,2019-07-29 05:08:25+00:00,12571,"I remember, as a kid, watching him shoot for his debut film â€˜Rockyâ€™ on bandstand and all these years later weâ€™re finally collaborating on something special. 
Hereâ€™s presenting @duttsanjay as Adheera from #KGFChapter2. 

And hereâ€™s also wishing him a happy birthday. Big hug https://t.co/Ua8uNeYVPA"
281,1505461644004106240,2022-03-20 08:30:00+00:00,12558,"#Toofan Lyrical Video Song from tomorrow at 11:07 AM.

South Versions on @LahariMusic: https://t.co/TYFopfZdVV

Hindi Version on @Mrtmusicoff: 
https://t.co/izzHFwwZyD

Music by @RaviBasrur ğŸ¶

#KGFChapter2 @TheNameIsYash @prashanth_neel @VKiragandur @hombalefilms https://t.co/eFPllHFp3Z"
33,1531559977264943109,2022-05-31 08:55:28+00:00,12379,"#KGFChapter2 comes to Amazon for prime customers, June 3rd. https://t.co/PgoGuD9OyI"
306,1428575016468238345,2021-08-20 04:30:00+00:00,12240,"#KGFChapter2 locks its official worldwide satellite destination for South languages on ZEE ğŸ“º

@TheNameIsYash @prashanth_neel @VKiragandur @hombalefilms @HombaleGroup @duttsanjay @TandonRaveena @SrinidhiShetty7

#KGF2SouthOnZee

@ZeeKannada @ZeeTVTelugu @ZeeTamil @ZeeKeralam https://t.co/srSzTe5Jly"
332,1347208540881088516,2021-01-07 15:48:40+00:00,12198,Stay tuned for the #KGFChapter2 official teaser release today at 9:29pm IST! The tale unfolds!
238,1512089285348196356,2022-04-07 15:25:53+00:00,12147,#KGFChapter2 is releasing in 250 Theatres in TN..
327,1355010331295141889,2021-01-29 04:30:12+00:00,12131,"#KGF2 Stay tuned! 
@hombalefilms @PrithvirajProd @VKiragandur @TheNameIsYash @prashanth_neel @duttsanjay #Karthik #KGFChapter2 https://t.co/BUvvy9tOCm"
69,1518140183958405121,2022-04-24 08:10:00+00:00,12111,"#TheMonster song at 3:30 pm today ğŸ”¥

Stay Tuned: https://t.co/QxtFZcMJC8

#KGFChapter2 @Thenameisyash @prashanth_neel @VKiragandur @hombalefilms @duttsanjay @TandonRaveena @SrinidhiShetty7 @RaviBasrur @excelmovies @AAFilmsIndia @VaaraahiCC @DreamWarriorpic @PrithvirajProd https://t.co/BWYMiXEBjl"
257,1508107191605112832,2022-03-27 15:42:28+00:00,12096,""" This is not an election, it is cinema. Itâ€™s not #KGFChapter2 VS #Beast, itâ€™s #KGFChapter2 &amp; #Beast. I have huge respect for #Vijay sir, I will definitely watch Beast. I'm sure Vijay sir's fans will support #KGF2 too.. "" - 

@TheNameIsYash at #KGFChapter2Trailer event ğŸ‘"
114,1515578317423796224,2022-04-17 06:30:03+00:00,12078,"#KGFChapter2 CROSSES â‚¹400 cr mark in just 3 days.

All set to STORM past â‚¹500 cr today.

#Yash #KGF2"
178,1514597216329281537,2022-04-14 13:31:30+00:00,12008,#KGFChapter2 takes the Biggest opening Day 1 in India beats RRR
76,1517473298568945665,2022-04-22 12:00:02+00:00,12005,"à°®à°®à±à°®à°²à±à°¨à°¿ à°†à°¦à°°à°¿à°‚à°šà°¿à°¨ à°¤à±†à°²à±à°—à± à°ªà±à°°à±‡à°•à±à°·à°•à±à°²à°•à°¿ à°¹à±ƒà°¦à°¯à°ªà±‚à°°à±à°µà°• à°§à°¨à±à°¯à°µà°¾à°¦à°¾à°²à±.

#KGFChapter2 @TheNameIsYash @prashanth_neel @VKiragandur @duttsanjay @TandonRaveena @SrinidhiShetty7 @hombalefilms @SaiKorrapati_ @VaaraahiCC

#KGF2BoxOfficeMonster https://t.co/XbtHCdXlx2"
162,1514807693722415106,2022-04-15 03:27:52+00:00,11981,"Nizam - Apr 14th Share :

1. #KGFChapter2 - â‚¹ 9.60 Crs

2. #RRRMovie - â‚¹ 41 Lakhs 

3. #Beast - â‚¹ 35 Lakhs"
352,1287609229247840257,2020-07-27 04:42:17+00:00,11960,"ANNOUNCEMENT... Unmasking #Adheera on 29 July 2020 at 10 am... #KGFChapter2... Stars #Yash, #SanjayDutt, #SrinidhiShetty and #RaveenaTandon... Directed by Prashanth Neel. #KGF2 https://t.co/8Risz431pS"
351,1288330779957723137,2020-07-29 04:29:28+00:00,11947,"â€˜ADHEERAâ€™ - Inspired by the brutal ways of the vikings ğŸ”¥

Happy Birthday @duttsanjay sir.

#KGFChapter2 #AdheeraFirstLook
@VKiragandur @TheNameIsYash @prashanth_neel
@SrinidhiShetty7 @TandonRaveena @Karthik1423  @excelmovies @ritesh_sid @AAFilmsIndia @FarOutAkhtar  @VaaraahiCC https://t.co/IJEHw7V3dj"
151,1514876179030761473,2022-04-15 08:00:00+00:00,11943,"This is the biggest national issue now! âš ï¸

Thank you, everyone â¤ï¸

#KGFChapter2 

@Thenameisyash @prashanth_neel @VKiragandur @hombalefilms @duttsanjay @TandonRaveena @SrinidhiShetty7 @excelmovies @AAFilmsIndia @VaaraahiCC @DreamWarriorpic @PrithvirajProd 

#KGF2BoxOfficeMonster https://t.co/qa5xlEOCMo"
229,1513491369330765824,2022-04-11 12:17:16+00:00,11900,"#Yash visits Simhachalam Temple in Vizag.

#KGFChapter2 https://t.co/M01wHdKpRk"
29,1533498374778892288,2022-06-05 17:17:58+00:00,11888,"After #KGFChapter2 , #Vikram has received unanimous positive response from the audience.."
105,1515887975715926019,2022-04-18 03:00:31+00:00,11886,"#KGFChapter1 is the first â‚¹100 Cr, â‚¹200 Cr and #KGFChapter2 is the first â‚¹300 Cr, â‚¹400 Cr &amp; â‚¹500 Cr Film in Sandalwood History! It may enter the Elite â‚¹1000 Cr club as well in long run. https://t.co/eBBPshNHAU"
164,1514803681950322688,2022-04-15 03:11:56+00:00,11874,"#Chennai City BO - Apr 14th :

1. #Beast - â‚¹ 1.61 Crs 

2. #KGFChapter2 - â‚¹ 67 Lakhs"
171,1514647245396004864,2022-04-14 16:50:18+00:00,11754,"#KGFChapter2 - The Best Ever opening for a Pan-India movie uniformly across the country..

For #Baahubali2 and #RRR - A disproportionate revenue share came from Telugu states..

Rocky Bhai - Uniform craze from North to South.. East to West.. https://t.co/Qmri080XQF"
96,1516047818930397193,2022-04-18 13:35:41+00:00,11738,Showtime: #KGFChapter2 (Round 2)
362,1232999697033441282,2020-02-27 12:03:30+00:00,11726,"A writer first then a director ğŸ¬
With his backbone his crew.A big shoutout to all the AD's everywhere, you guys rock!!!!
#bestestteamever#kgfchapter2 https://t.co/Lr9UNH3xkG"
344,1320583521228877824,2020-10-26 04:30:21+00:00,11622,"THE Gavel to brutality!!! 

Wishing the powerhouse #RamikaSen, @TandonRaveena a very Happy Birthday. #KGFChapter2

@VKiragandur @TheNameIsYash @prashanth_neel @SrinidhiShetty7 @duttsanjay @Karthik1423
@excelmovies @ritesh_sid @AAFilmsIndia @FarOutAkhtar
@VaaraahiCC @hombalefilms https://t.co/xfX7bHpD0h"
93,1516260346499321863,2022-04-19 03:40:12+00:00,11595,"In jus 5 days, #RockyBhai takes the lead in the daily #Chennai City Box Office..

Apr 18th Monday :

1. #KGFChapter2 - â‚¹ 62 Lakhs 

2. #Beast - â‚¹ 36 Lakhs"
301,1451150491090518019,2021-10-21 11:36:52+00:00,11580,"Our kill lady , killing it on Nararchi groundğŸ˜‚
Happy birthday @SrinidhiShetty7, cant wait for the world to see Reena on the big screen #kgfchapter2
Have a great year ahead! https://t.co/1ipUNrlPog"
116,1515536116191211522,2022-04-17 03:42:22+00:00,11518,"#Chennai City BO - Apr 16th : 

1. #Beast - â‚¹ 1.37 Crs 

2. #KGFChapter2 - â‚¹ 76 Lakhs"
169,1514690646388346896,2022-04-14 19:42:46+00:00,11502,"#KGFChapter2 is is made on steroids. An out and out action drama entertainer where every scene of @TheNameIsYash begins with a hero-entry, it is ROCK SOLID right from beginning till the end credits. I enjoyed this even more than #Baahubali2 and #RRR. BLOCKBUSTER â­ï¸â­ï¸â­ï¸â­ï¸1/2 https://t.co/TIc5oQEwH6"
50,1521758646492827648,2022-05-04 07:48:28+00:00,11422,#KGFChapter2 Woah Yash for a reason !! In the history of Kannada this is such a beautiful mark forever. Touching 1000 Crs worldwide . Truly shows hard work and talent always deserves a victory like this !Congratulations to whole team ğŸ‘ watched the film n itâ€™s a beautiful world
115,1515558911721365516,2022-04-17 05:12:56+00:00,11420,"TN Box Office April 16

#KGFChapter2 - â‚¹ 11.50 cr

#Beast - â‚¹ 6.04 cr"
205,1514427232961249283,2022-04-14 02:16:03+00:00,11410,"Thank you ğŸ™â™¥ï¸
#KGFChapter2

https://t.co/NSGh8VnHEJ"
231,1513414365210324993,2022-04-11 07:11:17+00:00,11375,"â­ #KGF2: The Tsunami is arriving
â­ #JrNTR and #RamCharan: The new sensations
â­ #TheKashmirFiles: The gamechanger
My column in #BollywoodHungama: https://t.co/sf9yOUij2Q

#KGFChapter2 #Yash #HombaleFilms #RRR #SSRajamouli #TKF https://t.co/FQrop6CL7n"
107,1515869447999082496,2022-04-18 01:46:54+00:00,11339,"Early Estimates for #KGFChapter2 Hindi for 1st Sunday is a huge â‚¹ 52 Crs.. ğŸ”¥

All-time No.1 Opening Weekend for a Hindi Movie/Belts.."
139,1514962530531409920,2022-04-15 13:43:08+00:00,11250,"From Monday, #KGFChapter2 gets #Chennai 's Prestigious big screen #DeviParadise 

Shifted from small screen #DeviKala"
237,1512489475968212994,2022-04-08 17:56:06+00:00,11242,"We all theatre owners and distributors will sleep peacefully, tonight! 

I repeat, we'll sleep peacefully, after a long time!

The advance booking for both #Beast and #KGFChapter2 just creating a terrific atmosphere then we except :) 

Thanks a lot to all relevant stakeholders."
65,1518241212267855872,2022-04-24 14:51:27+00:00,11217,#KGFChapter1          #KGFChapter2 https://t.co/01YRtNbgUv
56,1520674960708345856,2022-05-01 08:02:18+00:00,11207,"#KGFChapter2 has surpassed #RRRMovie 's TN Gross..

Now, #KGF2 is the 3rd 2022 TN Grosser after 1. #Valimai and 2. #Beast"
185,1514522314204860416,2022-04-14 08:33:52+00:00,11174,"Records canâ€™t avoid Rocky Bhai!ğŸ™Œ Watched KGF: Chapter 2 yet?

Book your tickets nowğŸ‘‡
https://t.co/WdG8DpNXgb

#KGFChapter2 #KGF2 #KGF2onApr14 #KGF2InCinemas https://t.co/YV8PKF9rNS"
272,1507890667628163074,2022-03-27 01:22:05+00:00,11135,"The Real #Beast is here !! 
#KGFChapter2 trailer this evening at 6:40PM. https://t.co/MUKRQ7y0lG"
52,1521396039932018688,2022-05-03 07:47:36+00:00,11083,"#KGFChapter2 is now a â‚¹100 cr SHARE movie in Karnataka.

First ever movie in the history of Kannada Film Industry to achieve this HIMALAYAN milestone."
253,1508373502834794498,2022-03-28 09:20:41+00:00,11042,"#KGFChapter2: The GRAND trailer launch event in #Bengaluru... Glimpses...
#Yash #SanjayDutt #SrinidhiShetty #RaveenaTandon #PrashanthNeel #VijayKiragandur #KGF2 https://t.co/7rCXCKrBU9"
323,1355139900492959751,2021-01-29 13:05:04+00:00,11022,"#KGF2 ARRIVES ON 16 JULY 2021... #KGFChapter2 - the second installment in the #KGF franchise - to release on 16 July 2021... Stars #Yash, #SanjayDutt, #SrinidhiShetty and #RaveenaTandon... Directed by Prashanth Neel... Produced by Vijay Kiragandur. #KGFChapter2onJuly16 https://t.co/jjissBGiDH"
379,1155787280897855488,2019-07-29 10:28:55+00:00,11019,"Happy birthday to the one and only  Deadly DUTTTTTT   ....My leo brother @duttsanjay!
#KGFChapter2 https://t.co/43s25mJsXK"
124,1515336659960676353,2022-04-16 14:29:47+00:00,10972,"#KGFChapter2 CROSSES â‚¹20 cr record milestone mark at the Kerala Box Office.

#KGF2 #Yash"
375,1205717585930506240,2019-12-14 05:14:08+00:00,10951,"We are absolutely elated to unveil the #KGFChapter2 First Look on Dec 21st at 5:45 PM.

#KGFChapter2FirstLook

@TheNameIsYash @prashanth_neel
@duttsanjay @VKiragandur @SrinidhiShetty7 @bhuvangowda84 @BasrurRavi @hombalefilms @excelmovies @AAFilmsIndia @ritesh_sid @FarOutAkhtar https://t.co/fhDnLRP4qc"
255,1508307420027981827,2022-03-28 04:58:06+00:00,10932,"This speech by @TheNameIsYash gaaru is really heart warming .. super sir,well said. #Beast &amp; #KGFChapter2 it is .. lets spread love &amp; positivity ! I also love the way he respects his senior actors â¤ï¸ğŸ‘ https://t.co/BdsafMClwp"
90,1516403708300447804,2022-04-19 13:09:52+00:00,10889,"FIRST to reach below milestones from Sandalwood. 

â‚¹ 100 cr - #KGFChapter1
â‚¹ 200 cr - #KGFChapter1
â‚¹ 300 cr - #KGFChapter2
â‚¹ 400 cr - #KGFChapter2
â‚¹ 500 cr - #KGFChapter2 
â‚¹ 600 cr - #KGFChapter2"
361,1234009948461260800,2020-03-01 06:57:53+00:00,10864,"Which movie do you expect the most this year? &amp; Which movie are you eagerly waiting for to celebrate at #FansFortRohini

#Annaatthe #Master #Valimai #SooraraiPottru #JagameThandhiram #Karnan #Cobra #Maanaadu #Doctor #kgfchapter2 https://t.co/k9eu4jliEX"
87,1516793897371901952,2022-04-20 15:00:20+00:00,10862,"Another 150+ screens INCREASED for 2nd week run of #KGFChapter2.

200+ screens REDUCED for #Beast."
236,1512608294531366913,2022-04-09 01:48:14+00:00,10799,There is a possibility #KGFChapter2 Telugu version might out-gross Kannada version.. https://t.co/Ia5U7M6D62
25,1535897815301312512,2022-06-12 08:12:29+00:00,10775,"#Vikram has crossed #KGFChapter2 TN Gross to emerge 2022 TN No.2.. ğŸ”¥ 

Today, it will cross #Valimai to emerge 2022 No.1 by tomorrow.."
201,1514440465600622593,2022-04-14 03:08:38+00:00,10746,"#KGFChapter2 [4/5] : 

Music, Camera and Action Choreography.. ğŸ”¥ 

Dir @prashanth_neel is a treasure for Indian cinema..

All Mass Heroes should work with him! 

RIP to all current Box office records!"
319,1372198663993237512,2021-03-17 14:50:30+00:00,10742,"Wishing our Khasim, #HarishRoy a very Happy Birthday.
#KGFChapter2 https://t.co/LkF925w6ej"
305,1429381082172968960,2021-08-22 09:53:01+00:00,10681,"The uncertainties of today will only delay our resolve, but the eventuality is as promised. We will be out in theaters on April 14th 2022. #KGF2onApr14
@TheNameIsYash @prashanth_neel @VKiragandur @HombaleGroup @duttsanjay @TandonRaveena @SrinidhiShetty7 @prakashraaj
#KGFChapter2 https://t.co/BGMBCatsgA"
366,1226397191138430978,2020-02-09 06:47:30+00:00,10578,"IT'S OFFICIAL... #RaveenaTandon joins the cast of #KGFChapter2... Stars #Yash, #SanjayDutt and #SrinidhiShetty... Directed by Prashanth Neel. https://t.co/yR4mFUdlk0"
314,1399225986776899587,2021-05-31 04:47:26+00:00,10550,"Wishing @BalaTheKrishna a very Happy Birthday.
Have a safe birthday chinnağŸ’«
Here's a glimpse of #InayathKhalil in #KGFChapter2
 Stay home stay safe everyoneğŸ™ğŸ» https://t.co/SNl8RlVq0l"
266,1508068821298462722,2022-03-27 13:10:00+00:00,10492,"The world is my territory, says the SULTHAN

Unleashing #KGFChapter2Trailer ğŸ”¥

Kannada: https://t.co/pbsnCw7hRK
Telugu: https://t.co/nyDPJ5kq5J
Tamil - https://t.co/640FgMEyq7
Malayalam: https://t.co/hvJ00XeyIJ

#KGFChapter2 @thenameisyash @prashanth_neel 
@VKiragandur https://t.co/Mxf2rRuo02"
233,1513335717774376961,2022-04-11 01:58:46+00:00,10482,"Since April 14th is a Holiday in several states, #KGFChapter2 Hindi might take a shot at All-time Day 1 opening record in India.. ğŸ”¥ https://t.co/VATrupW64Y"
240,1511661010389651457,2022-04-06 11:04:04+00:00,10399,"The real crowd puller #Yash

#KGFChapter2 https://t.co/t6cziIUFc6"
47,1522476457942937600,2022-05-06 07:20:48+00:00,10397,#KGF2 continues itâ€™s dream run into the 4th week with 350 screens! Even now the energy inside the cinema halls are same like the Day1..!! Donâ€™t miss out to witness the madness in big screen!!! #KGFChapter2 #RockyBhai
343,1320612136154886146,2020-10-26 06:24:03+00:00,10328,"RAVEENA TANDON FIRST LOOK #KGF2... On #RaveenaTandon's birthday today, Team #KGFChapter2 unveil her look... #KGFChapter2: #RamikaSen... Stars #Yash, #SanjayDutt, #SrinidhiShetty and #RaveenaTandon... Directed by Prashanth Neel... Produced by Vijay Kiragandur. #KGF2 https://t.co/GTj0Kxqx4d"
104,1515901051203121152,2022-04-18 03:52:29+00:00,10198,"#KGFChapter2 collects â‚¹500crs+ WW gross in just 4 days ğŸ”¥ğŸ”¥ğŸ”¥

First ever sandalwood film to achieve this milestone!!
#KGF2 https://t.co/ZpLSnH1ERC"
140,1514959014442201089,2022-04-15 13:29:10+00:00,10175,"Indian Films Highest Day 1 Worldwide collection 

1. #RRR - 223 cr
2. #Baahubali2 - 218 cr
3. #KGFChapter2 - 159.5 cr
4. #Saaho - 130 cr"
24,1535968673105874945,2022-06-12 12:54:03+00:00,10169,"2022 1st Half Month-wise Toppers @ TN BO: 

Jan - #NaaiSekar 

Feb - #Valimai 

Mar - #RRRMovie 

Apr - #KGFChapter2 

May - #DON 

Jun - #Vikram"
222,1514186447078584321,2022-04-13 10:19:15+00:00,10123,"Show counts in India for tomorrow.

#KGFChapter2 3X &gt; #Beast

In TN

45%                                55%."
242,1511604773149036545,2022-04-06 07:20:36+00:00,10122,#KGFChapter2 Bookings open tomorrow!! Get ready to witness the grandeur on screen!!! https://t.co/iDerX1kqvd
21,1542412940292153345,2022-06-30 07:41:16+00:00,10121,"2022 1st Half TN Top 5 Grossers : 

1. #Vikram 

2. #Valimai 

3. #KGFChapter2 

4. #Beast 

5. #DON"
134,1515022260905852928,2022-04-15 17:40:29+00:00,10094,"Biggest Inspiration In My Life â¤ï¸ğŸ™

@TheNameIsYash #YashBOSS 
#KGFChapter2 #KGF2 https://t.co/OUrjEgZBDf"
15,1552635509071290369,2022-07-28 12:42:06+00:00,10084,"Kannada cinema at it's best in 2022 ğŸ‘ŒğŸ» waiting to see more such films from them 

#KGFChapter2 #777Charlie #VikrantRona https://t.co/JQI7bM8lTo"
213,1514331319521759237,2022-04-13 19:54:56+00:00,10078,2nd half starting sequence again pure goosebumps. Neel is out of this world in mass elevation scenes ğŸ”¥ #KGFChapter2 #KGF2
113,1515625832948981762,2022-04-17 09:38:52+00:00,10078,"#KGFChapter2 WW Box Office 

ENTERS the ELITE â‚¹400 cr club.

Day 1 - â‚¹ 165.37 cr
Day 2 - â‚¹ 139.25 cr
Day 3 - â‚¹ 115.08 cr
Total - â‚¹ 419.70 cr

Record breaking HAT-TRICK â‚¹100 cr+ days. 

#Yash #KGF2"
326,1355011203043614721,2021-01-29 04:33:40+00:00,10077,"The promise will be kept!
#KGFChapter2 release date announcement today at 6.32pm.

@TheNameIsYash @prashanth_neel @VKiragandur @hombalefilms @TandonRaveena @SrinidhiShetty7 @prakashraaj @BasrurRavi @bhuvangowda84 @excelmovies @VaaraahiCC @PrithvirajProd https://t.co/p5plTqlmJ5"
51,1521547019902660608,2022-05-03 17:47:33+00:00,10075,"#KGFChapter2 only movie in the history of Indian cinema to cross 100 cr gross in 4 languages i.e., Kannada, Telugu, Tamil and Hindi"
196,1514484169513963521,2022-04-14 06:02:18+00:00,10058,"#KGF2 GARGANTUAN BLOCKBUSTER â­ï¸â­ï¸â­ï¸â­ï¸ğŸŒŸ (4.5)

Backed by solid emotions #KGFChapter2 goes all guns blazing with SPLENDID elevation scenes - world class visuals - wicked action scenes &amp; act of a lifetime by #Yash.

 @prashanth_neel excels himself- Made one of the best sequel ever. https://t.co/XGXGzS7Xbq"
143,1514946082924482563,2022-04-15 12:37:47+00:00,10049,"#Beast Kerala screen count reduced from 600 to 200[Includes sharing screens from #KGF2.

#KGFChapter2 screen count INCREASED from 300 to 450+."
353,1287606292886904832,2020-07-27 04:30:37+00:00,10043,"'Unveiling The Brutality' On July 29th at 10 AM.

#KGFChapter2

@TheNameIsYash @VKiragandur @prashanth_neel @SrinidhiShetty7 @TandonRaveena @bhuvangowda84 @BasrurRavi @Karthik1423 @excelmovies @AAFilmsIndia @FarOutAkhtar @ritesh_sid @VaaraahiCC @hombalefilms https://t.co/t5ROFelTLN"
221,1514205773261598729,2022-04-13 11:36:03+00:00,10035,#KGFChapter2 72 cr all India Gross done from advance bookings for Day 1 only. Madness.
175,1514626854082461696,2022-04-14 15:29:17+00:00,10030,Powerhouse performer @TandonRaveena as #RamikaSen in #KGFChapter2 was very impressive.. ğŸ‘Œ https://t.co/iNh08d0s8n
202,1514434728245731328,2022-04-14 02:45:50+00:00,10015,"#KGFChapter2 [4/5] :

@TheNameIsYash is born to play the role of #RockyBhai 

All his dialogues are Punch! 

His swag, screen presence, action - God Level! ğŸ”¥ 

U can't take your eyes off when he is on the screen.. 

Swag Monster! ğŸ‘Œ"
195,1514484747669442560,2022-04-14 06:04:36+00:00,9995,"Totally loved it #KGFChapter2 what a movie the team has made ğŸ”¥
"" ROCKY "" the name is enough to give Goosebumps ğŸ™
KGF Series is cult classic to be remembered !!
Made me tears in the end 
Don't miss it on the Big Screens
#KGF2InRamCinemas"
45,1523850993179688962,2022-05-10 02:22:43+00:00,9943,"Both #Valimai and #KGFChapter2 had good screen and show counts in TN around the 25th day mark..

Despite being Action entertainers, both attracted good family audience..

#Valimai is still ahead of #KGF2 in TN Gross..

The Box office race is on.. ğŸ”¥ https://t.co/vYaTEIpTcA"
197,1514460970802094080,2022-04-14 04:30:07+00:00,9911,"#KGFChapter2 #KGF2 is a potential 1000 CR WW grosser in the coming weeks ğŸ¤

The makers just can't miss making the hinted #KGF3 ğŸ˜ The demand for the third part will be CRAZY-HIGH!"
172,1514642211282948096,2022-04-14 16:30:18+00:00,9873,#KGFChapter2  ( Hindi ) CREATES HISTORY as early estimates suggests â‚¹ 50-52 cr nett opening in hindi belt.. #Yash cemented his position as a BOX OFFICE MONSTER..  #KGF2 https://t.co/og2Zpxv2pc
30,1533388902655926273,2022-06-05 10:02:58+00:00,9853,"This year's BLOCKBUSTER at the TN BO so far

#Valimai
#KGFChapter2
#RRRMovie
#ET
#Don
#Vikram*"
22,1538803723593388032,2022-06-20 08:39:31+00:00,9851,"Current Industry HITS

Kollywood - #2Point0
Tollywood - #Baahubali2
Bollywood - #Dangal
Sandalwood - #KGFChapter2
Mollywood - #Pulimurugan"
37,1526898161997864960,2022-05-18 12:11:04+00:00,9807,"2022 Top TN Grossers (&gt; â‚¹ 75 Crs+) which met or exceeded their Pre-Release Share Target/Rights..

(In the order of release)

1. #Valimai 

2. #RRRMovie

3. #KGFChapter2"
108,1515711836838313985,2022-04-17 15:20:37+00:00,9770,"#KGFChapter2 leads the online adv booking ticket sales in TN for tomorrow - Monday, April 18th.."
111,1515687939879043076,2022-04-17 13:45:39+00:00,9733,"#KGFChapter2 ( Hindi) - First 4 days collection would be- â‚¹ 193-194 cr nett. 

Itâ€™ll defeat #Baahubali2 1st 4 days collection of â‚¹ 168.25 by a BIG MARGIN OF 25 cr + 

It seemed almost impossible for any film to surpass BB2 initials but MONSTER #Yashâ€™s #KGF2 achieved this feat. https://t.co/sMr2bYaWUD"
249,1508431729534849027,2022-03-28 13:12:04+00:00,9718,"Records.. Records.. Records..ğŸ’¥

Rocky don't like it, He avoids, But Records likes Rocky! 
He Cannot avoid it.

ğŸğŸğŸ— + ğŒğ¢ğ¥ğ¥ğ¢ğ¨ğ§ ğ•ğ¢ğğ°ğ¬ ğ¢ğ§ ğŸğŸ’ ğ‡ğ¨ğ®ğ«ğ¬ â™¥ï¸ğŸ™

Kannada: 18M
Telugu: 20M
Hindi: 51M
Tamil: 12M
Malayalam: 8M

#KGFChapter2Trailer #KGFChapter2 https://t.co/83iqMFLUvb"
360,1238437653235642369,2020-03-13 12:12:00+00:00,9707,"#KGFChapter2 Worldwide Grand Release On October 23rd, 2020.

#KGFChapter2OnOct23 
@TheNameIsYash @prashanth_neel @VKiragandur @duttsanjay @SrinidhiShetty7 @TandonRaveena @bhuvangowda84 @BasrurRavi @Karthik1423 @AAFilmsIndia @excelmovies @FarOutAkhtar @ritesh_sid @VaaraahiCC https://t.co/kq060lfNZM"
243,1511571415102754817,2022-04-06 05:08:03+00:00,9658,"Top BMS interests

#Valimai - 2M+

#RRRMovie - 1.6M+

#Baahubali2 - 1.1M+

#KGFChapter2 - 1M+"
40,1525015631665328128,2022-05-13 07:30:34+00:00,9651,"2022 India's Biggest Day 1 Gross Movies(WW)

ğŸ‘‰#RRRMovie â€“ 235CR
ğŸ‘‰#KGFChapter2 â€“ 164.20CR
ğŸ‘‰#BEAST â€“ 86.15CR
ğŸ‘‰#SarkaruVaariPaata â€“ 70CR****
ğŸ‘‰#RadheShyam â€“ 67Cr
ğŸ‘‰#BheemlaNayak â€“ 56.50Cr
ğŸ‘‰#Acharya â€“ 52Cr
ğŸ‘‰#Valimai â€“ 50.20CR"
86,1516829689918418944,2022-04-20 17:22:34+00:00,9608,#KGFChapter2 enters 700 cr worldwide gross with Today collection
170,1514680013437616153,2022-04-14 19:00:31+00:00,9583,"Still can't get over #KGFChapter2 - literally, goosebumps thinking about visual experience and making."
198,1514456903887196162,2022-04-14 04:13:57+00:00,9552,"Review - #KGFChapter2 
Rating -  4*/5 â­ï¸â­ï¸â­ï¸â­ï¸

""BONAFIDE BLOCKBUSTER""

#KGF2 is RAW, Intense, Powerful &amp; a Mind Blowing film,#Yash officially enters the PAN INDIA Superstar league,Studded with BRILLIANT action scenes &amp; characters to remember. 
#Kgf2Review #KGFChapter2Review https://t.co/v5qNB8DSgz"
304,1429382725371265028,2021-08-22 09:59:33+00:00,9535,"#KGF2: 14 APRIL 2022 RELEASE... Team #KGFChapter2 finalises the release date: 14 April 2022... Stars #Yash, #SanjayDutt, #SrinidhiShetty and #RaveenaTandon... Directed by #PrashanthNeel... Produced by #VijayKiragandur. #KGF2onApr14 https://t.co/C5QEOKRIys"
121,1515371741463281666,2022-04-16 16:49:12+00:00,9527,#KGFChapter2 55 cr+ advance bookings crossed for Day 4. Humongous collection on cards tomorrow.
372,1205720982561816576,2019-12-14 05:27:38+00:00,9505,"How special this can getğŸ˜
First look of #KGFChapter2 on the same day of the 1st year anniversary of #KGFChapter1 â™¥ï¸ 21st December 5.45PMğŸ’ƒğŸ˜
#staytuned ğŸ’ƒ https://t.co/rmXpQS078q"
156,1514864637342232578,2022-04-15 07:14:09+00:00,9491,"#KGF2 ( Hindi ) Day 1- â‚¹ 53.95 cr nett. EMERGES BIGGEST OPNER IN HINDI BELT BY SURPASSING #WAR Day-1 collection of â‚¹ 53.35 cr nett. 

HISTORY CREATED #KGFChapter2 #Yash https://t.co/kwMounv3jP"
136,1514998566540148738,2022-04-15 16:06:20+00:00,9374,"TN Box Office today

#KGFChapter2 &gt; #Beast"
10,1596384476908904448,2022-11-26 06:04:53+00:00,9356,"#AK 's #Thunivu on-boards some of the biggest names in distribution..

- TN by @RedGiantMovies_ who distributed industry hit #Vikram 

- Overseas by @LycaProductions who distributed industry hit #PS1 

- USA by @sarigamacinemas who distributed industry hits #RRR and #KGFChapter2 https://t.co/htucgj2wlZ"
34,1530453979355680769,2022-05-28 07:40:37+00:00,9289,"Top 3 2nd Week Performers @ TN BO - 2022 : 

1. #KGFChapter2 

2. #Valimai 

3. #DON"
36,1527156381660237824,2022-05-19 05:17:09+00:00,9271,"Top 5 TN gross/share of 2022

#Valimai
#KGFChapter2
#RRRMovie
#ET
#Beast"
254,1508307912413777924,2022-03-28 05:00:03+00:00,9244,"Most viewed Indian Trailer 24 hours All Languages

1. #KGFChapter2 - 70M (15 hours) 
2. #RadheShyam - 57.5M
3. #RRRMovie - 51.12M"
337,1344920901108731907,2021-01-01 08:18:24+00:00,9199,"Happy birthday @BasrurRavi jiğŸ’« From UGRAMM , to KGFCHAPTER1 , KGFCHAPTER2 to now SALAAR.
Lets continue to growğŸ‘ https://t.co/j0nBkWkFPA"
224,1514120818229321730,2022-04-13 05:58:28+00:00,9189,"#KGFChapter2

Witness #RockyBhai violence from tomorrow!! ğŸ”¥ğŸ”¥ğŸ”¥ğŸ”¥ğŸ”¥ğŸ”¥ğŸ”¥ğŸ”¥ https://t.co/fmk3QhyOfv"
338,1340880334871662594,2020-12-21 04:42:38+00:00,9156,"THE WAIT IS OVER: #KGF2... On the second *release* anniversary of #KGFChapter1, the producers unveil the new poster of #KGF2... #KGFChapter2 teaser arrives on 8 Jan 2021 at 10.18 am. #KGFChapter2TeaserOnJan8 https://t.co/mFZ0InnHkR"
310,1420602231712206852,2021-07-29 04:29:00+00:00,9143,"""War is meant for progress, even the vultures will agree with me"" - #Adheera, Happy Birthday @duttsanjay.

#KGFChapter2 @TheNameIsYash @prashanth_neel @VKiragandur @hombalefilms @TandonRaveena @SrinidhiShetty7 @excelmovies @VaaraahiCC @PrithvirajProd @DreamWarriorpic @LahariMusic https://t.co/llYfi2ggNJ"
218,1514241136382017538,2022-04-13 13:56:34+00:00,9135,Are you watching #KGFChapter2 tomorrow?
46,1522972649512914944,2022-05-07 16:12:29+00:00,9084,ROCKY FACING SEA  ğŸ”¥ just EPIC #KGFChapter2. https://t.co/pyPBc2CAtf
92,1516306053956210691,2022-04-19 06:41:49+00:00,9002,#RockyBhai is holding the fort strong. Monday numbers are as solid as day1. #KGFChapter2 #KGF2InCinemas  #kgf2 https://t.co/4NnXTFpyrB
248,1508433343590719490,2022-03-28 13:18:29+00:00,8987,"Top 3 most viewed Indian trailer in 24 hrs [Displayed Views] 

#KGFChapter2 - 105 M

#RadheShyam - 57 M

#RRRMovie - 51 M"
129,1515197608171491335,2022-04-16 05:17:15+00:00,8927,"April 15 TN Box Office

#KGFChapter2 - â‚¹ 10.61 cr

#Beast - â‚¹ 7.21 cr"
161,1514820947928580097,2022-04-15 04:20:32+00:00,8894,"No Film in Indian cinema History has collected 60 Cr GROSS 'excluding south' in India! #KGFChapter2 (All Langs) ALL TIME RECORD GROSS in ""Hindi Belt"" is Over â‚¹61 Cr! (Excluding South) (#Baahubali2 â‚¹58 Cr in 40% ET era) https://t.co/suDBxdF6E2"
102,1515970059570585601,2022-04-18 08:26:42+00:00,8871,"April 17 AP/TS Box Office SHARE

#KGFChapter2 - â‚¹ 10.75 cr

#RRRMovie - â‚¹ 1.27 cr

#Beast - â‚¹ 15 lacs [Huge DISASTER]"
19,1544341391261646848,2022-07-05 15:24:14+00:00,8698,"This year so far, I watched the following Tamil movies more than once in theatres.. 

They are

1. #Valimai 

2. #KGFChapter2 

3. #Vikram 

4. #Yaanai"
377,1176728440210280448,2019-09-25 05:21:37+00:00,8696,"#KGFChapter2 Update - 11:15 AM ğŸ”¥
Stay Tuned."
321,1367468169808334849,2021-03-04 13:33:12+00:00,8657,#KGFChapter2 â™¥ï¸â™¥ï¸ https://t.co/KOfuTq7mZB
313,1400675206675369984,2021-06-04 04:46:07+00:00,8627,"A man of few words but a captain who takes his team along to heights ğŸ¤©

Wishing our dearest @prashanth_neel a very Happy Birthday ğŸ‰

A Surprise Glimpse: https://t.co/CYzI9CElBs

Canâ€™t wait to celebrate #KGFChapter2 #Salaar on the big screen.

#HBDPrashanthNeel https://t.co/ixL9Mp4vBm"
166,1514798501716144135,2022-04-15 02:51:21+00:00,8619,"Nizam Day 1 Top Share Movies 

ğŸ‘‰#RRRMovie - 23.35CR
ğŸ‘‰#BheemlaNayak - 11.85Cr
ğŸ‘‰#Pushpa - 11.44Cr
ğŸ‘‰#RadheShyam - 10.80Cr
ğŸ‘‰#KGFChapter2(dub)  - 9.68CRğŸ’¥ğŸ’¥ğŸ’¥ğŸ’¥
ğŸ‘‰#Saaho â€“ 9.41Cr
ğŸ‘‰#Baahubali 2- 8.9Cr
ğŸ‘‰#VakeelSaab - 8.75Cr"
284,1499268478443786240,2022-03-03 06:20:34+00:00,8581,'KGF2' TRAILER ARRIVES ON 27 MARCH... Team #KGFChapter2 - which releases in *cinemas* on 14 April 2022 - will launch the trailer on 27 March 2022. #Yash #KGF2 #NewPoster https://t.co/bMzxYAQH0B
239,1511685350892060673,2022-04-06 12:40:48+00:00,8574,"#Xclusiv... 'KGF 2' *HINDI* RUN TIME + ADVANCE BOOKING... #KGF2 #Hindi certified 'UA' by #CBFC on 4 April 2022. Duration: 168:06 min:sec [2 hours, 48 minutes, 06 seconds]. #India
â­ #KGFChapter2 #Hindi version advance booking starts tomorrow [Thu, 7 April 2022]. https://t.co/jNkOsvqKPu"
276,1506173135623639048,2022-03-22 07:37:13+00:00,8550,"#Toofan is now the India's MOST viewed lyrical in 24 hours with 26M+ views.

#Yash #KGFChapter2 #KGF2"
267,1507970518833524739,2022-03-27 06:39:23+00:00,8514,"We are delighted to announce @Suriya_offl sir ğŸ˜ will digitally launch #KGF2TrailerTamil today at 6.40PM. 

#KGFChapter2TrailerTamil 
#KGFChapter2Trailer 
#KGFChapter2 

@Thenameisyash @prashanth_neel @VKiragandur @duttsanjay @TandonRaveena @SrinidhiShetty7 @prabhu_sr https://t.co/cy2nqRx7Eg"
335,1346041156874825728,2021-01-04 10:29:54+00:00,8511,"#KGF2 TEASER ON 8 JAN 2021... #KGFChapter2 teaser arrives on 8 Jan 2021 at 10.18 am... #KGFChapter2 stars #Yash, #SanjayDutt, #SrinidhiShetty and #RaveenaTandon... Directed by Prashanth Neel... Produced by Vijay Kiragandur. #KGFChapter2TeaserOnJan8 https://t.co/1kCaWUxjnl"
347,1314463315943276544,2020-10-09 07:10:50+00:00,8430,"Bengaluru and Hyderabad calling next!!!!!!
#KGFChapter2 https://t.co/Lp3P8C6UWw"
259,1508105193166016514,2022-03-27 15:34:31+00:00,8374,"It's #KGFChapter2 &amp; #Beast
It's not #KGF2 vs #Beast

It's not election to compete, it's cinema let's celebrate,
Audience will love both films
-- Yash"
385,1154624925543497728,2019-07-26 05:30:08+00:00,8261,"Unveiling #Adheera from #KGFChapter2 on July 29th at 10 AM.
Stay tuned to @hombalefilms.
@prashanth_neel @TheNameIsYash @SrinidhiShetty7 @bhuvangowda84 @BasrurRavi @VKiragandur @Karthik1423 @excelmovies @VaaraahiCC https://t.co/xzmOimDvIA"
384,1154626780159864832,2019-07-26 05:37:30+00:00,8240,"He's back from the dead!!!
Unveiling #Adheera from #KGFChapter2 on July 29th at 10 AM.
Stay tuned to @hombalefilms. https://t.co/m0PtcOtrev"
356,1271306234998616065,2020-06-12 05:00:00+00:00,8103,"NARACHI : Gun is no more dangerous than a water spray in Prashanth neel handsğŸ˜…ğŸ˜‚ğŸ¤£ Most dangerous weapon is your mind, not the weapon you hold in your hand!!!
#shootdiariesğŸ¥ 
#kgfchapter2 https://t.co/eZAUNZI0DI"
173,1514633541862105088,2022-04-14 15:55:51+00:00,8012,"A SAMPLE data for tomorrow from a theatre in Chennai at current time. 

#Beast - 16 shows [ tickets available for all] starts 6 am.

 #KGFChapter2- 27 shows [ 8 Sold OUT] starts from 3 am. 

Such is the REALITY. https://t.co/RwwxzYjtqw"
191,1514497858581729288,2022-04-14 06:56:42+00:00,7988,#KGFChapter2 first half is ğŸ”¥ğŸ”¥ this is going to change the Indian film industry.
336,1346034339247661058,2021-01-04 10:02:49+00:00,7975,#KGFChapter2 https://t.co/QCw5coRhwj
158,1514855914913730560,2022-04-15 06:39:29+00:00,7953,"More screens ADDED for #KGFChapter2 all over TN to meet the huge DEMAND. 

Show counts

Day 2 &gt; Day 1."
14,1564489668720087041,2022-08-30 05:46:18+00:00,7938,"Top TN gross/share of 2022

#Vikram
#Valimai
#KGFChapter2
#RRRMovie
#ET
#Don
#Thiruchitrambalam*
#Beast"
26,1535615862941528064,2022-06-11 13:32:06+00:00,7930,"Tamil New Year releases 9th Week Sunday[Tomorrow] Chennai.

#KGFChapter2 - 3 shows- Ultra BLOCKBUSTER.

#Beast - ZERO - Ultra DISASTER."
109,1515698749552889856,2022-04-17 14:28:36+00:00,7909,"100+ theatres increased for #KGFChapter2 from tomorrow[Working Monday] and plenty of shows scheduled for midnight and early morning.

#Beast show &amp; screen counts DECREASED for the 4th consecutive day."
307,1420605819372990464,2021-07-29 04:43:15+00:00,7881,"#KGF2: NEW POSTER... On Sanjay Dutt's birthday today, Team #KGFChapter2 unveil the new poster featuring #SanjayDutt as #Adheera... Stars #Yash, #SanjayDutt, #SrinidhiShetty and #RaveenaTandon... Directed by #PrashanthNeel... Produced by #VijayKiragandur. https://t.co/Am53Dk8Dh7"
28,1534183291426746370,2022-06-07 14:39:35+00:00,7829,Tamil Film Industry BACK IN GAME with #Vikram .. Film is receiving response on par with #RRR &amp; #KGFChapter2 .. Also crossed â‚¹ 200 cr globally today in flat 5 days.. Congratulations to the entire team.. @Dir_Lokesh @ikamalhaasan @VijaySethuOffl @twitfahadh @Suriya_offl https://t.co/vnlvEAmQus
11,1577315276324241408,2022-10-04 15:10:41+00:00,7825,"#PS1 becomes the 5th movie in 2022 to join the â‚¹ 100 Cr Gross Club in TN.. ğŸ”¥ 

#Vikram, #Valimai, #Beast and #KGFChapter2 are the other four.."
43,1524224551525449730,2022-05-11 03:07:06+00:00,7804,"#KGF2 is the only Big Movie this year so far in Telugu States that is profitable right from the Distributor to the Small Exhibitor, each and every party concerned in All Areas. #KGFChapter2 https://t.co/0plg8GerRr"
258,1508105929874497536,2022-03-27 15:37:27+00:00,7804,"Very sensible reply by @TheNameIsYash on #KGFChapter2 vs #Beast clash! Itâ€™s not election, itâ€™s cinema! There is no KGF vs Beast, itâ€™s KGF and Beast. â€œI always respects by seniors. My best wishes to Vijay sir â€œ - Yash. Letâ€™s enjoy both the films !"
20,1542740724554207232,2022-07-01 05:23:46+00:00,7795,"Top TN openers of 2022 1st half

#Valimai - â‚¹ 36.17 cr

#Beast - â‚¹ 26.40 cr

#Vikram - â‚¹ 20.61 cr

#ET - â‚¹ 15.21 cr

#RRRMovie - â‚¹ 12.73 cr

#Don - â‚¹ 9.47 cr

#KGFChapter2 - â‚¹ 8.24 cr"
74,1517515866157449216,2022-04-22 14:49:11+00:00,7775,"Weekend Bookings

TERRIFIC - #KGFChapter2
TERRIBLE - #BeastMovie

Show Counts

IMPRESSIVE - #KGF2
INSUFFICIENT - #Beast"
99,1516041064112541697,2022-04-18 13:08:51+00:00,7684,"Monday report

Multiple theatres are reporting show cancellations for #Beast due to ultra low/no crowd turn out from Morning.

On the other hand, #KGFChapter2 is being reported with SPLENDID crowd &amp; sold out shows even on a big screen from Morning."
211,1514361562198274049,2022-04-13 21:55:06+00:00,7650,"THATS WHAT YOU CALL A WORTHY SEQUEL!!! #KGF2 is loaded with dramatic high points, elevation scenes, heroic dialogues &amp; strong emotions. This one is ABSOLUTELY WORTHY of all the hype. A SURE SHOT BLOCKBUSTER. This one will be unstoppable, with mass mayhem! #KGFChapter2 

4 stars!"
252,1508431382309007361,2022-03-28 13:10:41+00:00,7509,"#KGFChapter2 Trailer(Telugu) 24 Hours Report

ğŸ‘‰Views - 19.38M
ğŸ‘‰Likes - 772.4K 

All Time Record For Any Dub Movie in TeluguğŸ’¥ğŸ’¥ğŸ’¥"
35,1529487409041534976,2022-05-25 15:39:49+00:00,7444,"Top 6 TN gross/share of 2022

#Valimai
#KGFChapter2
#RRRMovie
#ET
#Don
#Beast"
245,1510584535427153924,2022-04-03 11:46:33+00:00,7423,"A whopping 250M ORGANIC views for #KGFChapter2 teaser.

India's MOST viewed teaser &amp; trailer record belongs to #Yash. https://t.co/En8KvYWEKv"
312,1412374514034376706,2021-07-06 11:34:59+00:00,7149,"Witness the MAGNUM OPUS come to life soon.

#KGFChapter2 @hombalefilms @TheNameIsYash @prashanth_neel @VKiragandur @HombaleGroup @duttsanjay @TandonRaveena @SrinidhiShetty7 @Karthik1423 @excelmovies @AAFilmsIndia @VaaraahiCC @PrithvirajProd @DreamWarriorpic @LahariMusic https://t.co/lkt32UP9fL"
376,1176740496971988993,2019-09-25 06:09:31+00:00,7060,"Our #Adheera @duttsanjay joins the sets of #KGFChapter2 ğŸ”¥
@prashanth_neel @TheNameIsYash @SrinidhiShetty7
@bhuvangowda84 @BasrurRavi @VKiragandur @Karthik1423 @hombalefilms @excelmovies @VaaraahiCC https://t.co/6yliapQO5a"
295,1477259632150081537,2022-01-01 12:45:17+00:00,6996,"With King of Indian BO @actorvijay ğŸ‘‘ğŸ’–ğŸ‰
#Beast announcing his release for 14th April... Also smoking hot #KGFChapter2 ğŸ’¥ğŸ’£ğŸ”¥ already announced as well... high chances of #LaalSinghChaddha to relook at its release plans !! @TheNameIsYash #AamirKhan https://t.co/benOCBqRG1"
277,1506144916627341312,2022-03-22 05:45:05+00:00,6990,#Beast Vs #KGFChapter2 https://t.co/R6sM30SFmq
123,1515344797946458112,2022-04-16 15:02:08+00:00,6942,He is #KGFChapter2 music director ğŸ˜²ğŸ˜²ğŸ”¥ğŸ”¥ https://t.co/AT6Fi8lj25
303,1442117813095714822,2021-09-26 13:24:14+00:00,6813,'KGF2' HOLDS ON TO 14 APRIL 2022... Team #KGFChapter2 - which had finalised 14 April 2022 - is sticking to this date... No changes. #Yash #SanjayDutt #SrinidhiShetty #RaveenaTandon #KGF2 https://t.co/V1JvGAHDfl
152,1514870533900288002,2022-04-15 07:37:34+00:00,6695,"#KGFChapter2 AP TG 1st Day Collections

ğŸ‘‰Nizam: 9.68Cr
ğŸ‘‰Ceeded: 2.84Cr
ğŸ‘‰UA: 1.70Cr
ğŸ‘‰East: 1.19cr
ğŸ‘‰West: 84L
ğŸ‘‰Guntur: 1.13Cr
ğŸ‘‰Krishna: 90L
ğŸ‘‰Nellore: 81L
AP-TG Total:- 19.09CR(31CR~ Gross)ğŸ’¥ğŸ’¥ğŸ’¥ğŸ’¥

ğŸ’¥ğŸ’¥ğŸ’¥ALL TIME RECORD FOR ANY DUB MOVIEğŸ’¥ğŸ’¥ğŸ’¥"
227,1513731145757696010,2022-04-12 04:10:03+00:00,6489,"Top Dub Movies Pre-Release Business in AP TG

ğŸ‘‰#KGFChapter2 - 78CRğŸ’¥ğŸ’¥ğŸ’¥ğŸ’¥
ğŸ‘‰#2Point0 - 71Cr
ğŸ‘‰#I(#Manoharudu) - 39Cr
ğŸ‘‰#Kaala - 33Cr
ğŸ‘‰#Kabali - 31Cr
ğŸ‘‰#Robo - 27Cr~
ğŸ‘‰#Singam3 - 20Cr~"
296,1476913992312373253,2021-12-31 13:51:50+00:00,6381,"April 2022 is going to be ğŸ¥µğŸ¥µ

#SarkaruVaariPaata #KGFChapter2 #Beast https://t.co/gRrJYRmFbG"
212,1514336014101147650,2022-04-13 20:13:35+00:00,6363,"#KGF2 is ABSOLUTE FIRE UNTIL INTERVAL! #Yash aka. #RockyBhai is MEANER, LEANER &amp; STRONGER!!!  #KGFChapter2 If this pace continues in 2nd half, this will be an UNSTOPPABLE Monster at the Box Office. Solid set up for the premise until the interval block."
141,1514955165962424330,2022-04-15 13:13:52+00:00,6342,"People who come to watch #KGFChapter2 with counter bookings are responded with a statement that #KGF2 is House full for whole day, but #Beast tickets are available.

HUGE DEMAND. https://t.co/Bqq3mEWwJG"
145,1514922829422415874,2022-04-15 11:05:23+00:00,6144,"#KGFChapter2 
#RRRMovie https://t.co/H59fXepvMc"
235,1513014899181379585,2022-04-10 04:43:57+00:00,6122,"#KGFChapter2 RakhiBhai on a Rampage!! ğŸ”¥ğŸ”¥ğŸ”¥ğŸ”¥ğŸ”¥
Book your ticket and immerse in the grandeur of the #KGF2 world!! #KGF2onApr14 https://t.co/peSBVEWwPA"
1,1600749517380280320,2022-12-08 07:10:00+00:00,6092,"One of the Best Climax Scene Ever in Indian Cinema ğŸ”¥
#KGFChapter2 https://t.co/SnZsx89jpZ"
244,1510596636216504321,2022-04-03 12:34:38+00:00,6087,"South Most Viewed Trailers in 24 Hours 

ğŸ‘‰#Beast - 29.08M****
ğŸ‘‰#RadheShyam - 23.20M
ğŸ‘‰#Baahubali2 - 21.81M
ğŸ‘‰#RRRMovie - 20.45M
ğŸ‘‰#KGFChapter2( Telugu Dub) â€“ 19.38M
ğŸ‘‰#KGFChapter2(Kannada) - 18.32M"
386,1154360697813233664,2019-07-25 12:00:12+00:00,5989,"#KGFChapter2 Update.
Stay tuned for an exciting update at 11 AM tomorrow. https://t.co/dJiE3QIIpB"
184,1514525669442555907,2022-04-14 08:47:12+00:00,5798,"#KGFChapter2 is a theatre experience, box office is going to burn. Yash show with fights, emotional scenes - going to make history in coming weeks."
378,1159076018428100612,2019-08-07 12:17:12+00:00,5784,"#2020 summer is going to be crazy

#Thalapathy64 

#Thala60 

#KGFChapter2 

#ChiyaanVikram58"
215,1514268278864195589,2022-04-13 15:44:26+00:00,5769,"Garuda is the only villain in The History who died without knowing the HERO ğŸ˜‚ğŸ˜‚

 #KGF #KGFChapter2 https://t.co/zwK89PBFpV"
278,1505809765468827651,2022-03-21 07:33:19+00:00,5758,A big warning for Beast ğŸ¤­ğŸŒªï¸ğŸ’¥#Toofan #KGFChapter2 #beast #trending https://t.co/qINchS3yBw
82,1516985597696434177,2022-04-21 03:42:05+00:00,5530,Reaction of #RCB players while watching #KGFChapter2 movie. https://t.co/k04ektVReT
180,1514540831725998081,2022-04-14 09:47:27+00:00,5300,"#KGFChapter2 Kerala theatre response ğŸ”¥ğŸ”¥ğŸ”¥ğŸ”¥

Show's getting SOLD OUT fastly all over the state. Also adding more mid night shows. https://t.co/XL4OGYfLx0"
302,1446477921451851777,2021-10-08 14:09:45+00:00,5227,"Top most interested Indian upcoming films on BMS

#Valimai - 1.82M
#KGFChapter2 - 356.2k
#Marakkar - 112.1K
#Bilal - 111K
#Sooryavanshi - 100.2K
#Doctor - 91K
#RRR - 88.7K
#SarkaruVaariPaata - 56.3K
#Pushpa - 49.6K
#Kotigobba3 - 41.6K
#Kurup - 17.4K"
73,1517711536697282562,2022-04-23 03:46:42+00:00,4713,"ğŸ¤£ğŸ¤£ğŸ¤£
#Akhanda âŒ #KGFChapter2 https://t.co/0sd4c03ZrL"
155,1514866333615529986,2022-04-15 07:20:53+00:00,4600,"Our #KGFChapter2 Amma Archana Jois, who has enthralled the world audience with her superb performance, speaks in impeccable #Samskrita. Asks everyone to learn Samskrita and make the best use of it.ğŸ™ğŸ™

#KGF2 #KGF3 #KGF https://t.co/aEl694xzWu"
364,1228198935816110080,2020-02-14 06:06:59+00:00,4467,"#Master - Whole Tamilnadu Is Waiting

#RRR - Whole South India Is Waiting

#KGFChapter2 - Whole India Is Waiting

Are You Waiting For Which One?

#RRR - Like 
#KGFChapter2  - Retweet

#KGF #RRRMovie #KGF2 #Yash #Ramcharan #NTR"
80,1517365933949415424,2022-04-22 04:53:24+00:00,4373,#KGFChapter2 â‚¹700 à¤•à¤°à¥‹à¤¡à¤¼ à¤¸à¥‡ à¤Šà¤ªà¤° à¤•à¤¾ à¤¬à¤¿à¤œà¤¼à¤¨à¥‡à¤¸ à¤•à¤° à¤šà¥à¤•à¥€ à¤¹à¥ˆà¥¤ à¤“à¤¬à¥€à¤¸à¥€ à¤µà¥‹à¤•à¥à¤•à¤¾à¤²à¤¿à¤—à¤¾ à¤•à¤¿à¤¸à¤¾à¤¨ à¤ªà¤°à¤¿à¤µà¤¾à¤° à¤®à¥‡à¤‚ à¤œà¤¨à¥à¤®à¥‡ à¤¨à¤µà¥€à¤¨ à¤•à¥à¤®à¤¾à¤° à¤—à¥Œà¤¡à¤¼à¤¾ à¤¯à¤¾à¤¨à¥€ à¤¯à¤¶ à¤•à¥€ à¤•à¤¾à¤®à¤¯à¤¾à¤¬à¥€ à¤•à¤¾ à¤¸à¤¿à¤²à¤¸à¤¿à¤²à¤¾ à¤…à¤­à¥€ à¤¶à¥à¤°à¥‚ à¤¹à¥à¤† à¤¹à¥ˆà¥¤ à¤ªà¤¿à¤¤à¤¾ à¤…à¤°à¥à¤£ à¤—à¥Œà¤¡à¤¼à¤¾ à¤¸à¤°à¤•à¤¾à¤°à¥€ à¤¬à¤¸ à¤®à¥‡à¤‚ à¤¡à¥à¤°à¤¾à¤‡à¤µà¤° à¤°à¤¹à¥‡ à¤¹à¥ˆà¤‚à¥¤ à¤¹à¤¿à¤‚à¤¦à¥€ à¤®à¥‡à¤‚ à¤‡à¤¸ à¤«à¤¼à¤¿à¤²à¥à¤® à¤¨à¥‡ â‚¹250 à¤•à¤°à¥‹à¤¡à¤¼ à¤•à¤®à¤¾ à¤²à¤¿à¤ à¤¹à¥ˆà¥¤ à¤¬à¥‰à¤²à¥€à¤µà¥à¤¡ à¤•à¤¾ à¤¬à¥à¤°à¤¾ à¤¹à¤¾à¤² à¤¹à¥ˆà¥¤ https://t.co/607wsruakp
9,1600115583332536321,2022-12-06 13:10:58+00:00,3978,"An unforgettable year to say the least,Elated to announce ğŸ¥
#JaganTheatreTop10 for 2022ğŸ†
#vikramğŸ¥‡
#KGFChapter2 ğŸ¥ˆ
#PonniyinSelvan1 ğŸ¥‰
#Valimai 
#Beast
#Don
#RRR 
#LoveToday 
#viruman 
#sardar https://t.co/pHppZTv6bn"
0,1600874484592152578,2022-12-08 15:26:34+00:00,3520,"Power of Indian cinema ğŸ’ª
#TopGunMaverick #KGFChapter2 #RRR #MultiverseOfMadness 
Follow us ğŸ‘‰ @tollymasti https://t.co/EIDKOKslhC"
2,1600739277335592960,2022-12-08 06:29:18+00:00,3371,"Condolences to his family and the entire family of #kgf , #KGFChapter2 . ğŸ™ğŸ»ğŸ•‰ğŸ™ğŸ» à¥ à¤¶à¤¾à¤‚à¤¤à¤¿ https://t.co/T5M1vOPDnz"
5,1600448522775539712,2022-12-07 11:13:57+00:00,2911,"#KGFChapter2 and #Kantara among the top five most Googled films in 2022! This is just the beginning for Kannada film industry. 

@hombalefilms @KRG_Connects @VKiragandur @prashanth_neel @shetty_rishab @TheNameIsYash @Karthik1423 @gowda_sapthami @SrinidhiShetty7 https://t.co/0vynlJw8OI"
322,1364215107518033922,2021-02-23 14:06:42+00:00,2873,"Which upcoming biggie in 2nd half of 2021 are you eagerly waiting for?
#Annaatthe 
#Valimai
#KGFChapter2
#Suriya40
Seems #Thalapathy65 will release for pongal 2022 !"
3,1600509052966010880,2022-12-07 15:14:28+00:00,2179,"#KGFChapter2 Becomes 2022's 2nd Most Watched Movie In The Theatres On The Planet With 5.2 Crores FootFalls. Only #Avatar2 Can Break This Record This YearğŸ’¥âœ…

1] #TopGunMaverick - 7.8 Cr FF
2] #KGFChapter2 - 5.2 Cr FF
3] #RRRMovie - 4.4 Cr FF
4] #DoctorStrange - 4.1 Cr FF"
4,1600466041305706499,2022-12-07 12:23:34+00:00,1928,#KGFChapter2 and #Kantara are among the top five most #Googled film in #India https://t.co/A40vXVu3qx
8,1600126234050334722,2022-12-06 13:53:17+00:00,1648,"#Ramnad Jagan Theatre Top 10 Movies of 2022.ğŸ’¯ğŸ‰

#Vikram ğŸ”¥ğŸ”¥
#KGFChapter2 
#PonniyinSelvan1
#Valimai 
#Beast
#Don
#RRR 
#LoveToday 
#Viruman 
#Sardar

#Thiruchitrambalam &amp; #EtharkkumThunindhavan not released here. https://t.co/9f7iiteduW"
7,1600129596019527684,2022-12-06 14:06:39+00:00,1342,"2022 - Baba Cinemas, Kovai - Top 6 films in Collections

â€¢ #KGFChapter2
â€¢ #Beast
â€¢ #Vikram
â€¢ #PS1
â€¢ #Thiruchitrambalam 
â€¢ #LoveToday

Another proof for #ThalapathyVijay. Pure star power for such mixed talks.
Sad to see many big films missing &amp; went below Love Today."
6,1600408163916075008,2022-12-07 08:33:35+00:00,1340,"Here is the #JaganTop10 for the decade(2012-2022)
#Master
#vikram
#KGFChapter2 
#PonniyinSelvan1 
#Mersal
#Thupakki
#singam2
#karnan
#valimai
#Theri 
Four movies from this year made the listğŸ’ªğŸ»
@siddhu_viva @MADURAI_CINEMAS"
